Cement (component 1)(kg in a m^3 mixture),Blast Furnace Slag (component 2)(kg in a m^3 mixture),Fly Ash (component 3)(kg in a m^3 mixture),Water  (component 4)(kg in a m^3 mixture),Superplasticizer (component 5)(kg in a m^3 mixture),Coarse Aggregate  (component 6)(kg in a m^3 mixture),Fine Aggregate (component 7)(kg in a m^3 mixture),Age (day),"Concrete compressive strength(MPa, megapascals)"
540.0,0.0,0.0,162.0,2.5,1040.0,676.0,28,75.71
540.0,0.0,0.0,162.0,2.5,1055.0,676.0,28,58.29
332.5,142.5,0.0,228.0,0.0,932.0,594.0,270,41.04
332.5,142.5,0.0,228.0,0.0,932.0,594.0,365,41.35
198.6,132.4,0.0,192.0,0.0,978.4,825.5,360,42.16
266.0,114.0,0.0,228.0,0.0,932.0,670.0,90,39.56
380.0,95.0,0.0,228.0,0.0,932.0,594.0,365,41.97
380.0,95.0,0.0,228.0,0.0,932.0,594.0,28,36.64
266.0,114.0,0.0,228.0,0.0,932.0,670.0,28,42.72
475.0,0.0,0.0,228.0,0.0,932.0,594.0,28,40.33
198.6,132.4,0.0,192.0,0.0,978.4,825.5,90,38.41
198.6,132.4,0.0,192.0,0.0,978.4,825.5,28,34.75
427.5,47.5,0.0,228.0,0.0,932.0,594.0,270,43.06
190.0,190.0,0.0,228.0,0.0,932.0,670.0,90,33.89
304.0,76.0,0.0,228.0,0.0,932.0,670.0,28,39.0
380.0,0.0,0.0,228.0,0.0,932.0,670.0,90,42.32
139.6,209.4,0.0,192.0,0.0,1047.0,806.9,90,34.31
342.0,38.0,0.0,228.0,0.0,932.0,670.0,365,44.01
380.0,95.0,0.0,228.0,0.0,932.0,594.0,90,40.51
475.0,0.0,0.0,228.0,0.0,932.0,594.0,180,41.9
427.5,47.5,0.0,228.0,0.0,932.0,594.0,180,41.95
139.6,209.4,0.0,192.0,0.0,1047.0,806.9,28,30.36
139.6,209.4,0.0,192.0,0.0,1047.0,806.9,3,11.58
139.6,209.4,0.0,192.0,0.0,1047.0,806.9,180,39.83
380.0,0.0,0.0,228.0,0.0,932.0,670.0,365,43.77
380.0,0.0,0.0,228.0,0.0,932.0,670.0,270,43.31
380.0,95.0,0.0,228.0,0.0,932.0,594.0,270,41.66
342.0,38.0,0.0,228.0,0.0,932.0,670.0,180,42.56
427.5,47.5,0.0,228.0,0.0,932.0,594.0,28,36.99
475.0,0.0,0.0,228.0,0.0,932.0,594.0,7,37.66
304.0,76.0,0.0,228.0,0.0,932.0,670.0,365,43.87
266.0,114.0,0.0,228.0,0.0,932.0,670.0,365,41.86
198.6,132.4,0.0,192.0,0.0,978.4,825.5,180,39.79
475.0,0.0,0.0,228.0,0.0,932.0,594.0,270,42.89
190.0,190.0,0.0,228.0,0.0,932.0,670.0,365,43.43
237.5,237.5,0.0,228.0,0.0,932.0,594.0,270,38.3
237.5,237.5,0.0,228.0,0.0,932.0,594.0,28,37.89
332.5,142.5,0.0,228.0,0.0,932.0,594.0,90,39.45
475.0,0.0,0.0,228.0,0.0,932.0,594.0,90,41.9
237.5,237.5,0.0,228.0,0.0,932.0,594.0,180,36.25
342.0,38.0,0.0,228.0,0.0,932.0,670.0,90,42.56
427.5,47.5,0.0,228.0,0.0,932.0,594.0,365,43.56
237.5,237.5,0.0,228.0,0.0,932.0,594.0,365,39.05
380.0,0.0,0.0,228.0,0.0,932.0,670.0,180,42.32
427.5,47.5,0.0,228.0,0.0,932.0,594.0,90,41.95
427.5,47.5,0.0,228.0,0.0,932.0,594.0,7,35.58
349.0,0.0,0.0,192.0,0.0,1047.0,806.9,3,22.75
380.0,95.0,0.0,228.0,0.0,932.0,594.0,180,40.51
237.5,237.5,0.0,228.0,0.0,932.0,594.0,7,26.28
380.0,95.0,0.0,228.0,0.0,932.0,594.0,7,32.86
332.5,142.5,0.0,228.0,0.0,932.0,594.0,180,39.45
190.0,190.0,0.0,228.0,0.0,932.0,670.0,180,38.71
237.5,237.5,0.0,228.0,0.0,932.0,594.0,90,33.14
304.0,76.0,0.0,228.0,0.0,932.0,670.0,90,41.76
139.6,209.4,0.0,192.0,0.0,1047.0,806.9,7,19.66
198.6,132.4,0.0,192.0,0.0,978.4,825.5,7,21.81
475.0,0.0,0.0,228.0,0.0,932.0,594.0,365,43.37
198.6,132.4,0.0,192.0,0.0,978.4,825.5,3,13.58
304.0,76.0,0.0,228.0,0.0,932.0,670.0,180,41.76
332.5,142.5,0.0,228.0,0.0,932.0,594.0,28,47.73
304.0,76.0,0.0,228.0,0.0,932.0,670.0,270,43.42
266.0,114.0,0.0,228.0,0.0,932.0,670.0,270,41.52
310.0,0.0,0.0,192.0,0.0,971.0,850.6,3,21.38
190.0,190.0,0.0,228.0,0.0,932.0,670.0,270,41.39
266.0,114.0,0.0,228.0,0.0,932.0,670.0,180,39.56
342.0,38.0,0.0,228.0,0.0,932.0,670.0,270,43.57
139.6,209.4,0.0,192.0,0.0,1047.0,806.9,360,42.89
332.5,142.5,0.0,228.0,0.0,932.0,594.0,7,30.38
190.0,190.0,0.0,228.0,0.0,932.0,670.0,28,38.04
485.0,0.0,0.0,146.0,0.0,1120.0,800.0,28,69.13
374.0,189.2,0.0,170.1,10.1,926.1,756.7,3,30.91
313.3,262.2,0.0,175.5,8.6,1046.9,611.8,3,32.52
425.0,106.3,0.0,153.5,16.5,852.1,887.1,3,31.73
425.0,106.3,0.0,151.4,18.6,936.0,803.7,3,33.67
375.0,93.8,0.0,126.6,23.4,852.1,992.6,3,28.94
475.0,118.8,0.0,181.1,8.9,852.1,781.5,3,27.04
469.0,117.2,0.0,137.8,32.2,852.1,840.5,3,36.68
425.0,106.3,0.0,153.5,16.5,852.1,887.1,3,31.73
388.6,97.1,0.0,157.9,12.1,852.1,925.7,3,23.74
531.3,0.0,0.0,141.8,28.2,852.1,893.7,3,37.78
425.0,106.3,0.0,153.5,16.5,852.1,887.1,3,31.73
318.8,212.5,0.0,155.7,14.3,852.1,880.4,3,33.02
401.8,94.7,0.0,147.4,11.4,946.8,852.1,3,38.9
362.6,189.0,0.0,164.9,11.6,944.7,755.8,3,32.86
323.7,282.8,0.0,183.8,10.3,942.7,659.9,3,28.26
379.5,151.2,0.0,153.9,15.9,1134.3,605.0,3,29.64
362.6,189.0,0.0,164.9,11.6,944.7,755.8,3,32.86
286.3,200.9,0.0,144.7,11.2,1004.6,803.7,3,30.2
362.6,189.0,0.0,164.9,11.6,944.7,755.8,3,32.86
439.0,177.0,0.0,186.0,11.1,884.9,707.9,3,27.99
389.9,189.0,0.0,145.9,22.0,944.7,755.8,3,41.04
362.6,189.0,0.0,164.9,11.6,944.7,755.8,3,32.86
337.9,189.0,0.0,174.9,9.5,944.7,755.8,3,30.74
374.0,189.2,0.0,170.1,10.1,926.1,756.7,7,40.73
313.3,262.2,0.0,175.5,8.6,1046.9,611.8,7,42.24
425.0,106.3,0.0,153.5,16.5,852.1,887.1,7,46.54
425.0,106.3,0.0,151.4,18.6,936.0,803.7,7,48.37
375.0,93.8,0.0,126.6,23.4,852.1,992.6,7,43.33
475.0,118.8,0.0,181.1,8.9,852.1,781.5,7,35.34
469.0,117.2,0.0,137.8,32.2,852.1,840.5,7,51.49
425.0,106.3,0.0,153.5,16.5,852.1,887.1,7,46.54
388.6,97.1,0.0,157.9,12.1,852.1,925.7,7,38.08
531.3,0.0,0.0,141.8,28.2,852.1,893.7,7,48.39
425.0,106.3,0.0,153.5,16.5,852.1,887.1,7,46.54
318.8,212.5,0.0,155.7,14.3,852.1,880.4,7,41.83
401.8,94.7,0.0,147.4,11.4,946.8,852.1,7,51.38
362.6,189.0,0.0,164.9,11.6,944.7,755.8,7,42.26
323.7,282.8,0.0,183.8,10.3,942.7,659.9,7,37.87
379.5,151.2,0.0,153.9,15.9,1134.3,605.0,7,44.96
362.6,189.0,0.0,164.9,11.6,944.7,755.8,7,42.26
286.3,200.9,0.0,144.7,11.2,1004.6,803.7,7,39.81
362.6,189.0,0.0,164.9,11.6,944.7,755.8,7,42.26
439.0,177.0,0.0,186.0,11.1,884.9,707.9,7,36.78
389.9,189.0,0.0,145.9,22.0,944.7,755.8,7,54.61
362.6,189.0,0.0,164.9,11.6,944.7,755.8,7,42.26
337.9,189.0,0.0,174.9,9.5,944.7,755.8,7,40.41
374.0,189.2,0.0,170.1,10.1,926.1,756.7,28,59.6
313.3,262.2,0.0,175.5,8.6,1046.9,611.8,28,58.57
425.0,106.3,0.0,153.5,16.5,852.1,887.1,28,56.23
425.0,106.3,0.0,151.4,18.6,936.0,803.7,28,58.05
375.0,93.8,0.0,126.6,23.4,852.1,992.6,28,52.68
475.0,118.8,0.0,181.1,8.9,852.1,781.5,28,53.68
469.0,117.2,0.0,137.8,32.2,852.1,840.5,28,61.19
425.0,106.3,0.0,153.5,16.5,852.1,887.1,28,56.23
388.6,97.1,0.0,157.9,12.1,852.1,925.7,28,47.76
531.3,0.0,0.0,141.8,28.2,852.1,893.7,28,54.13
425.0,106.3,0.0,153.5,16.5,852.1,887.1,28,56.23
318.8,212.5,0.0,155.7,14.3,852.1,880.4,28,61.15
401.8,94.7,0.0,147.4,11.4,946.8,852.1,28,65.79
362.6,189.0,0.0,164.9,11.6,944.7,755.8,28,61.59
323.7,282.8,0.0,183.8,10.3,942.7,659.9,28,65.51
379.5,151.2,0.0,153.9,15.9,1134.3,605.0,28,51.47
362.6,189.0,0.0,164.9,11.6,944.7,755.8,28,61.59
286.3,200.9,0.0,144.7,11.2,1004.6,803.7,28,50.44
362.6,189.0,0.0,164.9,11.6,944.7,755.8,28,61.59
439.0,177.0,0.0,186.0,11.1,884.9,707.9,28,57.89
389.9,189.0,0.0,145.9,22.0,944.7,755.8,28,68.6
362.6,189.0,0.0,164.9,11.6,944.7,755.8,28,61.59
337.9,189.0,0.0,174.9,9.5,944.7,755.8,28,59.63
374.0,189.2,0.0,170.1,10.1,926.1,756.7,56,62.59
313.3,262.2,0.0,175.5,8.6,1046.9,611.8,56,62.27
425.0,106.3,0.0,153.5,16.5,852.1,887.1,56,61.53
425.0,106.3,0.0,151.4,18.6,936.0,803.7,56,63.35
375.0,93.8,0.0,126.6,23.4,852.1,992.6,56,57.98
475.0,118.8,0.0,181.1,8.9,852.1,781.5,56,54.69
469.0,117.2,0.0,137.8,32.2,852.1,840.5,56,66.49
425.0,106.3,0.0,153.5,16.5,852.1,887.1,56,61.53
388.6,97.1,0.0,157.9,12.1,852.1,925.7,56,53.06
531.3,0.0,0.0,141.8,28.2,852.1,893.7,56,57.47
425.0,106.3,0.0,153.5,16.5,852.1,887.1,56,61.53
318.8,212.5,0.0,155.7,14.3,852.1,880.4,56,62.61
401.8,94.7,0.0,147.4,11.4,946.8,852.1,56,71.09
362.6,189.0,0.0,164.9,11.6,944.7,755.8,56,67.49
323.7,282.8,0.0,183.8,10.3,942.7,659.9,56,73.08
379.5,151.2,0.0,153.9,15.9,1134.3,605.0,56,56.77
362.6,189.0,0.0,164.9,11.6,944.7,755.8,56,67.49
286.3,200.9,0.0,144.7,11.2,1004.6,803.7,56,55.97
362.6,189.0,0.0,164.9,11.6,944.7,755.8,56,67.49
439.0,177.0,0.0,186.0,11.1,884.9,707.9,56,61.83
389.9,189.0,0.0,145.9,22.0,944.7,755.8,56,74.91
362.6,189.0,0.0,164.9,11.6,944.7,755.8,56,67.49
337.9,189.0,0.0,174.9,9.5,944.7,755.8,56,64.54
374.0,189.2,0.0,170.1,10.1,926.1,756.7,91,60.39
313.3,262.2,0.0,175.5,8.6,1046.9,611.8,91,60.05
425.0,106.3,0.0,153.5,16.5,852.1,887.1,91,62.79
425.0,106.3,0.0,151.4,18.6,936.0,803.7,91,64.62
375.0,93.8,0.0,126.6,23.4,852.1,992.6,91,59.24
475.0,118.8,0.0,181.1,8.9,852.1,781.5,91,52.65
469.0,117.2,0.0,137.8,32.2,852.1,840.5,91,67.76
425.0,106.3,0.0,153.5,16.5,852.1,887.1,91,62.79
388.6,97.1,0.0,157.9,12.1,852.1,925.7,91,54.33
531.3,0.0,0.0,141.8,28.2,852.1,893.7,91,58.13
425.0,106.3,0.0,153.5,16.5,852.1,887.1,91,62.79
318.8,212.5,0.0,155.7,14.3,852.1,880.4,91,60.58
401.8,94.7,0.0,147.4,11.4,946.8,852.1,91,72.36
362.6,189.0,0.0,164.9,11.6,944.7,755.8,91,65.54
379.5,151.2,0.0,153.9,15.9,1134.3,605.0,91,57.46
362.6,189.0,0.0,164.9,11.6,944.7,755.8,91,65.54
286.3,200.9,0.0,144.7,11.2,1004.6,803.7,91,54.14
362.6,189.0,0.0,164.9,11.6,944.7,755.8,91,65.54
439.0,177.0,0.0,186.0,11.1,884.9,707.9,91,59.73
389.9,189.0,0.0,145.9,22.0,944.7,755.8,91,76.72
362.6,189.0,0.0,164.9,11.6,944.7,755.8,91,65.54
337.9,189.0,0.0,174.9,9.5,944.7,755.8,91,62.5
222.36,0.0,96.67,189.29,4.46,967.08,870.32,3,13.86
222.36,0.0,96.67,189.29,4.46,967.08,870.32,14,27.17
222.36,0.0,96.67,189.29,4.46,967.08,870.32,28,34.89
222.36,0.0,96.67,189.29,4.46,967.08,870.32,56,40.01
222.36,0.0,96.67,189.29,4.46,967.08,870.32,100,40.68
233.81,0.0,94.58,197.89,4.57,947.04,852.16,3,14.25
233.81,0.0,94.58,197.89,4.57,947.04,852.16,14,27.72
233.81,0.0,94.58,197.89,4.57,947.04,852.16,28,35.18
233.81,0.0,94.58,197.89,4.57,947.04,852.16,56,39.25
233.81,0.0,94.58,197.89,4.57,947.04,852.16,100,39.79
194.68,0.0,100.52,165.62,7.48,1006.4,905.9,3,17.94
194.68,0.0,100.52,165.62,7.48,1006.4,905.9,14,31.64
194.68,0.0,100.52,165.62,7.48,1006.4,905.9,28,38.19
194.68,0.0,100.52,165.62,7.48,1006.4,905.9,56,38.1
194.68,0.0,100.52,165.62,7.48,1006.4,905.9,100,41.4
190.68,0.0,125.4,162.14,7.77,1090.0,804.01,3,13.82
190.68,0.0,125.4,162.14,7.77,1090.0,804.01,14,25.34
190.68,0.0,125.4,162.14,7.77,1090.0,804.01,28,31.81
190.68,0.0,125.4,162.14,7.77,1090.0,804.01,56,37.34
190.68,0.0,125.4,162.14,7.77,1090.0,804.01,100,42.08
212.07,0.0,121.62,180.31,5.69,1057.6,779.32,3,19.63
212.07,0.0,121.62,180.31,5.69,1057.6,779.32,14,33.54
212.07,0.0,121.62,180.31,5.69,1057.6,779.32,28,26.29
212.07,0.0,121.62,180.31,5.69,1057.6,779.32,56,33.05
212.07,0.0,121.62,180.31,5.69,1057.6,779.32,100,36.83
229.97,0.0,118.31,195.47,4.63,1029.4,758.59,3,16.02
229.97,0.0,118.31,195.47,4.63,1029.4,758.59,14,28.99
229.97,0.0,118.31,195.47,4.63,1029.4,758.59,28,36.08
229.97,0.0,118.31,195.47,4.63,1029.4,758.59,56,41.3
229.97,0.0,118.31,195.47,4.63,1029.4,758.59,100,42.01
190.34,0.0,125.18,161.85,9.88,1088.1,802.59,3,8.69
190.34,0.0,125.18,161.85,9.88,1088.1,802.59,14,22.63
190.34,0.0,125.18,161.85,9.88,1088.1,802.59,28,29.86
190.34,0.0,125.18,161.85,9.88,1088.1,802.59,56,38.22
190.34,0.0,125.18,161.85,9.88,1088.1,802.59,100,41.26
166.09,0.0,163.27,176.46,4.49,1058.6,780.09,3,10.88
166.09,0.0,163.27,176.46,4.49,1058.6,780.09,14,23.06
166.09,0.0,163.27,176.46,4.49,1058.6,780.09,28,23.1
166.09,0.0,163.27,176.46,4.49,1058.6,780.09,56,29.93
166.09,0.0,163.27,176.46,4.49,1058.6,780.09,100,33.46
167.95,42.08,163.83,121.75,5.72,1058.7,780.11,3,7.2
167.95,42.08,163.83,121.75,5.72,1058.7,780.11,14,17.31
167.95,42.08,163.83,121.75,5.72,1058.7,780.11,28,29.53
167.95,42.08,163.83,121.75,5.72,1058.7,780.11,56,34.18
167.95,42.08,163.83,121.75,5.72,1058.7,780.11,100,39.19
213.72,98.05,24.51,181.71,6.86,1065.8,785.38,3,19.46
213.72,98.05,24.51,181.71,6.86,1065.8,785.38,14,32.97
213.72,98.05,24.51,181.71,6.86,1065.8,785.38,28,40.76
213.72,98.05,24.51,181.71,6.86,1065.8,785.38,56,46.18
213.72,98.05,24.51,181.71,6.86,1065.8,785.38,100,47.48
213.76,98.06,24.52,181.74,6.65,1066.0,785.52,3,11.15
213.76,98.06,24.52,181.74,6.65,1066.0,785.52,14,24.06
213.76,98.06,24.52,181.74,6.65,1066.0,785.52,28,39.86
213.76,98.06,24.52,181.74,6.65,1066.0,785.52,56,44.7
213.76,98.06,24.52,181.74,6.65,1066.0,785.52,100,45.44
229.68,0.0,118.16,195.23,6.13,1028.1,757.63,3,13.53
229.68,0.0,118.16,195.23,6.13,1028.1,757.63,14,26.43
229.68,0.0,118.16,195.23,6.13,1028.1,757.63,28,36.0
229.68,0.0,118.16,195.23,6.13,1028.1,757.63,56,41.21
229.68,0.0,118.16,195.23,6.13,1028.1,757.63,100,41.94
238.05,0.0,94.11,186.66,7.0,949.91,847.01,3,13.44
238.05,0.0,94.11,186.66,7.0,949.91,847.01,14,25.7
238.05,0.0,94.11,186.66,7.0,949.91,847.01,28,34.95
238.05,0.0,94.11,186.66,7.0,949.91,847.01,56,41.46
238.05,0.0,94.11,186.66,7.0,949.91,847.01,100,42.14
250.0,0.0,95.69,187.42,5.53,956.86,861.17,3,15.57
250.0,0.0,95.69,187.42,5.53,956.86,861.17,14,27.6
250.0,0.0,95.69,187.42,5.53,956.86,861.17,28,35.02
250.0,0.0,95.69,187.42,5.53,956.86,861.17,56,41.61
250.0,0.0,95.69,187.42,5.53,956.86,861.17,100,42.2
212.52,0.0,100.37,159.32,8.71,1007.8,903.59,3,14.23
212.52,0.0,100.37,159.32,8.71,1007.8,903.59,14,27.4
212.52,0.0,100.37,159.32,8.71,1007.8,903.59,28,34.4
212.52,0.0,100.37,159.32,8.71,1007.8,903.59,56,43.03
212.52,0.0,100.37,159.32,8.71,1007.8,903.59,100,46.35
212.57,0.0,100.39,159.35,10.37,1003.8,903.79,3,13.46
212.57,0.0,100.39,159.35,10.37,1003.8,903.79,14,27.25
212.57,0.0,100.39,159.35,10.37,1003.8,903.79,28,36.35
212.57,0.0,100.39,159.35,10.37,1003.8,903.79,56,44.99
212.57,0.0,100.39,159.35,10.37,1003.8,903.79,100,48.79
212.0,0.0,124.78,159.0,7.84,1085.4,799.54,3,18.32
212.0,0.0,124.78,159.0,7.84,1085.4,799.54,14,30.6
212.0,0.0,124.78,159.0,7.84,1085.4,799.54,28,38.23
212.0,0.0,124.78,159.0,7.84,1085.4,799.54,56,46.17
212.0,0.0,124.78,159.0,7.84,1085.4,799.54,100,48.72
231.75,0.0,121.62,173.96,6.72,1056.4,778.45,3,13.54
231.75,0.0,121.62,173.96,6.72,1056.4,778.45,14,24.49
231.75,0.0,121.62,173.96,6.72,1056.4,778.45,28,32.3
231.75,0.0,121.62,173.96,6.72,1056.4,778.45,56,40.91
231.75,0.0,121.62,173.96,6.72,1056.4,778.45,100,45.66
251.37,0.0,118.27,188.45,5.75,1028.4,757.73,3,21.94
251.37,0.0,118.27,188.45,5.75,1028.4,757.73,14,35.38
251.37,0.0,118.27,188.45,5.75,1028.4,757.73,28,38.02
251.37,0.0,118.27,188.45,5.75,1028.4,757.73,56,39.49
251.37,0.0,118.27,188.45,5.75,1028.4,757.73,100,43.61
251.37,0.0,118.27,188.45,6.35,1028.4,757.73,3,21.94
251.37,0.0,118.27,188.45,6.35,1028.4,757.73,14,35.38
251.37,0.0,118.27,188.45,6.35,1028.4,757.73,28,38.02
251.37,0.0,118.27,188.45,6.35,1028.4,757.73,56,39.49
251.37,0.0,118.27,188.45,6.35,1028.4,757.73,100,43.61
181.38,0.0,167.01,169.59,7.56,1055.6,777.8,3,11.05
181.38,0.0,167.01,169.59,7.56,1055.6,777.8,14,21.64
181.38,0.0,167.01,169.59,7.56,1055.6,777.8,28,28.38
181.38,0.0,167.01,169.59,7.56,1055.6,777.8,56,36.61
181.38,0.0,167.01,169.59,7.56,1055.6,777.8,100,40.61
182.04,45.21,121.97,170.21,8.19,1059.4,780.65,3,16.85
182.04,45.21,121.97,170.21,8.19,1059.4,780.65,14,28.05
182.04,45.21,121.97,170.21,8.19,1059.4,780.65,28,32.26
182.04,45.21,121.97,170.21,8.19,1059.4,780.65,56,37.42
182.04,45.21,121.97,170.21,8.19,1059.4,780.65,100,38.43
168.88,42.22,124.25,158.33,10.83,1080.8,796.15,3,6.78
168.88,42.22,124.25,158.33,10.83,1080.8,796.15,14,21.19
168.88,42.22,124.25,158.33,10.83,1080.8,796.15,28,31.91
168.88,42.22,124.25,158.33,10.83,1080.8,796.15,56,39.25
168.88,42.22,124.25,158.33,10.83,1080.8,796.15,100,41.56
290.35,0.0,96.18,168.08,9.41,961.18,865.0,3,22.35
290.35,0.0,96.18,168.08,9.41,961.18,865.0,14,36.15
290.35,0.0,96.18,168.08,9.41,961.18,865.0,28,44.79
290.35,0.0,96.18,168.08,9.41,961.18,865.0,56,49.21
290.35,0.0,96.18,168.08,9.41,961.18,865.0,100,49.25
277.05,0.0,97.39,160.6,11.83,973.9,875.61,3,23.45
277.05,0.0,97.39,160.6,11.83,973.9,875.61,14,39.89
277.05,0.0,97.39,160.6,11.83,973.9,875.61,28,48.02
277.05,0.0,97.39,160.6,11.83,973.9,875.61,56,54.99
277.05,0.0,97.39,160.6,11.83,973.9,875.61,100,58.86
295.71,0.0,95.64,171.54,8.87,955.14,859.2,3,23.03
295.71,0.0,95.64,171.54,8.87,955.14,859.2,14,36.85
295.71,0.0,95.64,171.54,8.87,955.14,859.2,28,45.8
295.71,0.0,95.64,171.54,8.87,955.14,859.2,56,49.44
295.71,0.0,95.64,171.54,8.87,955.14,859.2,100,49.47
251.81,0.0,99.94,146.14,12.35,1006.0,899.76,3,18.75
251.81,0.0,99.94,146.14,12.35,1006.0,899.76,14,32.86
251.81,0.0,99.94,146.14,12.35,1006.0,899.76,28,37.6
251.81,0.0,99.94,146.14,12.35,1006.0,899.76,56,46.68
251.81,0.0,99.94,146.14,12.35,1006.0,899.76,100,49.66
249.1,0.0,98.75,158.11,12.8,987.76,889.01,3,13.91
249.1,0.0,98.75,158.11,12.8,987.76,889.01,14,28.71
249.1,0.0,98.75,158.11,12.8,987.76,889.01,28,32.44
249.1,0.0,98.75,158.11,12.8,987.76,889.01,56,42.86
249.1,0.0,98.75,158.11,12.8,987.76,889.01,100,50.64
252.31,0.0,98.75,146.25,14.17,987.76,889.01,3,20.87
252.31,0.0,98.75,146.25,14.17,987.76,889.01,14,39.63
252.31,0.0,98.75,146.25,14.17,987.76,889.01,28,47.12
252.31,0.0,98.75,146.25,14.17,987.76,889.01,56,54.71
252.31,0.0,98.75,146.25,14.17,987.76,889.01,100,60.03
246.83,0.0,125.08,143.3,11.99,1086.8,800.89,3,21.45
246.83,0.0,125.08,143.3,11.99,1086.8,800.89,14,39.17
246.83,0.0,125.08,143.3,11.99,1086.8,800.89,28,49.82
246.83,0.0,125.08,143.3,11.99,1086.8,800.89,56,59.1
246.83,0.0,125.08,143.3,11.99,1086.8,800.89,100,64.56
275.07,0.0,121.35,159.48,9.9,1053.6,777.5,3,22.38
275.07,0.0,121.35,159.48,9.9,1053.6,777.5,14,38.8
275.07,0.0,121.35,159.48,9.9,1053.6,777.5,28,47.61
275.07,0.0,121.35,159.48,9.9,1053.6,777.5,56,53.14
275.07,0.0,121.35,159.48,9.9,1053.6,777.5,100,56.74
297.16,0.0,117.54,174.8,9.52,1022.8,753.45,3,20.52
297.16,0.0,117.54,174.8,9.52,1022.8,753.45,14,35.56
297.16,0.0,117.54,174.8,9.52,1022.8,753.45,28,43.6
297.16,0.0,117.54,174.8,9.52,1022.8,753.45,56,50.57
297.16,0.0,117.54,174.8,9.52,1022.8,753.45,100,54.56
213.74,0.0,174.74,154.79,10.16,1053.5,776.35,3,16.41
213.74,0.0,174.74,154.79,10.16,1053.5,776.35,14,31.95
213.74,0.0,174.74,154.79,10.16,1053.5,776.35,28,39.94
213.74,0.0,174.74,154.79,10.16,1053.5,776.35,56,46.68
213.74,0.0,174.74,154.79,10.16,1053.5,776.35,100,49.11
213.5,0.0,174.24,154.61,11.66,1052.3,775.48,3,16.92
213.5,0.0,174.24,154.61,11.66,1052.3,775.48,14,33.08
213.5,0.0,174.24,154.61,11.66,1052.3,775.48,28,45.55
213.5,0.0,174.24,154.61,11.66,1052.3,775.48,56,53.94
213.5,0.0,174.24,154.61,11.66,1052.3,775.48,100,57.37
277.19,97.82,24.46,160.7,11.19,1061.7,782.46,3,28.28
277.19,97.82,24.46,160.7,11.19,1061.7,782.46,14,41.61
277.19,97.82,24.46,160.7,11.19,1061.7,782.46,28,49.6
277.19,97.82,24.46,160.7,11.19,1061.7,782.46,56,53.16
277.19,97.82,24.46,160.7,11.19,1061.7,782.46,100,52.54
218.23,54.64,123.78,140.75,11.91,1075.7,792.67,3,24.44
218.23,54.64,123.78,140.75,11.91,1075.7,792.67,14,36.57
218.23,54.64,123.78,140.75,11.91,1075.7,792.67,28,52.51
218.23,54.64,123.78,140.75,11.91,1075.7,792.67,56,60.82
218.23,54.64,123.78,140.75,11.91,1075.7,792.67,100,62.18
214.9,53.8,121.89,155.63,9.61,1014.3,780.58,3,19.11
214.9,53.8,121.89,155.63,9.61,1014.3,780.58,14,36.52
214.9,53.8,121.89,155.63,9.61,1014.3,780.58,28,47.56
214.9,53.8,121.89,155.63,9.61,1014.3,780.58,56,55.37
214.9,53.8,121.89,155.63,9.61,1014.3,780.58,100,56.98
218.85,0.0,124.13,158.49,11.33,1078.7,794.91,3,12.05
218.85,0.0,124.13,158.49,11.33,1078.7,794.91,14,22.62
218.85,0.0,124.13,158.49,11.33,1078.7,794.91,28,30.86
218.85,0.0,124.13,158.49,11.33,1078.7,794.91,56,38.39
218.85,0.0,124.13,158.49,11.33,1078.7,794.91,100,41.9
376.0,0.0,0.0,214.6,0.0,1003.5,762.36,3,22.59
376.0,0.0,0.0,214.6,0.0,1003.5,762.36,14,31.73
376.0,0.0,0.0,214.6,0.0,1003.5,762.36,28,35.4
376.0,0.0,0.0,214.6,0.0,1003.5,762.36,56,39.23
376.0,0.0,0.0,214.6,0.0,1003.5,762.36,100,35.99
500.0,0.0,0.0,140.0,4.0,966.0,853.0,28,69.01
475.0,0.0,59.0,142.0,1.9,1098.0,641.0,28,53.94
315.0,137.0,0.0,145.0,5.9,1130.0,745.0,28,61.97
505.0,0.0,60.0,195.0,0.0,1030.0,630.0,28,46.05
451.0,0.0,0.0,165.0,11.25,1030.0,745.0,28,54.27
516.0,0.0,0.0,162.0,8.2,801.0,802.0,28,38.46
520.0,0.0,0.0,170.0,5.2,855.0,855.0,28,64.97
528.0,0.0,0.0,185.0,6.86,920.0,720.0,28,56.56
520.0,0.0,0.0,175.0,5.2,870.0,805.0,28,64.55
385.0,0.0,136.0,158.0,20.0,903.0,768.0,28,50.65
500.1,0.0,0.0,200.0,3.0,1124.4,613.2,28,41.49
450.1,50.0,0.0,200.0,3.0,1124.4,613.2,28,36.57
397.0,17.2,158.0,167.0,20.8,967.0,633.0,28,48.02
333.0,17.5,163.0,167.0,17.9,996.0,652.0,28,47.26
334.0,17.6,158.0,189.0,15.3,967.0,633.0,28,44.34
405.0,0.0,0.0,175.0,0.0,1120.0,695.0,28,48.13
200.0,200.0,0.0,190.0,0.0,1145.0,660.0,28,48.52
516.0,0.0,0.0,162.0,8.26,801.0,802.0,28,38.46
145.0,116.0,119.0,184.0,5.7,833.0,880.0,28,30.07
160.0,128.0,122.0,182.0,6.4,824.0,879.0,28,39.88
234.0,156.0,0.0,189.0,5.85,981.0,760.0,28,38.41
250.0,180.0,95.0,159.0,9.45,860.0,800.0,28,39.56
475.0,0.0,0.0,162.0,9.5,1044.0,662.0,28,56.22
285.0,190.0,0.0,163.0,7.6,1031.0,685.0,28,49.25
356.0,119.0,0.0,160.0,9.03,1061.0,657.0,28,52.59
275.0,180.0,120.0,162.0,10.35,830.0,765.0,28,50.27
500.0,0.0,0.0,151.0,9.0,1033.0,655.0,28,66.98
165.0,0.02,143.57,163.81,0.0,1005.6,900.9,3,18.45
165.0,128.5,132.1,175.06,8.08,1005.8,746.6,3,19.75
178.03,129.8,118.6,179.94,3.57,1007.3,746.8,3,22.11
167.35,129.9,128.62,175.46,7.79,1006.3,746.6,3,19.91
172.38,13.61,172.37,156.76,4.14,1006.3,856.4,3,19.99
173.54,50.05,173.53,164.77,6.47,1006.2,793.5,3,19.92
167.0,75.4,167.0,164.03,7.91,1007.3,770.1,3,16.19
173.81,93.37,159.9,172.34,9.73,1007.2,746.6,3,15.99
190.34,0.0,125.18,166.61,9.88,1079.0,798.9,3,9.77
250.0,0.0,95.69,191.84,5.33,948.9,857.2,3,15.2
213.5,0.0,174.24,159.21,11.66,1043.6,771.9,3,15.94
194.68,0.0,100.52,170.17,7.48,998.0,901.8,3,17.31
251.37,0.0,118.27,192.94,5.75,1043.6,754.3,3,20.31
165.0,0.02,143.57,163.81,0.0,1005.6,900.9,14,31.18
165.0,128.5,132.1,175.06,8.08,1005.8,746.6,14,32.79
178.03,129.8,118.6,179.94,3.57,1007.3,746.8,14,34.87
167.35,129.9,128.62,175.46,7.79,1006.3,746.6,14,32.95
172.38,13.61,172.37,156.76,4.14,1006.3,856.4,14,31.2
173.54,50.05,173.53,164.77,6.47,1006.2,793.5,14,32.1
167.0,75.4,167.0,164.03,7.91,1007.3,770.1,14,28.49
173.81,93.37,159.9,172.34,9.73,1007.2,746.6,14,28.49
190.34,0.0,125.18,166.61,9.88,1079.0,798.9,14,18.65
250.0,0.0,95.69,191.84,5.33,948.9,857.2,14,27.87
213.5,0.0,174.24,159.21,11.66,1043.6,771.9,14,31.39
194.68,0.0,100.52,170.17,7.48,998.0,901.8,14,30.93
251.37,0.0,118.27,192.94,5.75,1043.6,754.3,14,32.81
165.0,0.02,143.57,163.81,0.0,1005.6,900.9,28,34.43
165.0,128.5,132.1,175.06,8.08,1005.8,746.6,28,36.03
178.03,129.8,118.6,179.94,3.57,1007.3,746.8,28,35.23
167.35,129.9,128.62,175.46,7.79,1006.3,746.6,28,36.18
172.38,13.61,172.37,156.76,4.14,1006.3,856.4,28,33.81
173.54,50.05,173.53,164.77,6.47,1006.2,793.5,28,40.45
167.0,75.4,167.0,164.03,7.91,1007.3,770.1,28,33.8
173.81,93.37,159.9,172.34,9.73,1007.2,746.6,28,33.69
190.34,0.0,125.18,166.61,9.88,1079.0,798.9,28,25.03
250.0,0.0,95.69,191.84,5.33,948.9,857.2,28,35.29
213.5,0.0,174.24,159.21,11.66,1043.6,771.9,28,41.9
194.68,0.0,100.52,170.17,7.48,998.0,901.8,28,37.48
251.37,0.0,118.27,192.94,5.75,1043.6,754.3,28,35.59
165.0,0.02,143.57,163.81,0.0,1005.6,900.9,56,37.16
165.0,128.5,132.1,175.06,8.08,1005.8,746.6,56,41.59
178.03,129.8,118.6,179.94,3.57,1007.3,746.8,56,41.84
167.35,129.9,128.62,175.46,7.79,1006.3,746.6,56,41.75
172.38,13.61,172.37,156.76,4.14,1006.3,856.4,56,37.76
173.54,50.05,173.53,164.77,6.47,1006.2,793.5,56,52.08
167.0,75.4,167.0,164.03,7.91,1007.3,770.1,56,39.08
173.81,93.37,159.9,172.34,9.73,1007.2,746.6,56,39.71
190.34,0.0,125.18,166.61,9.88,1079.0,798.9,56,33.08
250.0,0.0,95.69,191.84,5.33,948.9,857.2,56,39.37
213.5,0.0,174.24,159.21,11.66,1043.6,771.9,56,50.0
194.68,0.0,100.52,170.17,7.48,998.0,901.8,56,42.47
251.37,0.0,118.27,192.94,5.75,1043.6,754.3,56,37.07
165.0,0.02,143.57,163.81,0.0,1005.6,900.9,100,40.16
165.0,128.5,132.1,175.06,8.08,1005.8,746.6,100,42.29
178.03,129.8,118.6,179.94,3.57,1007.3,746.8,100,42.7
167.35,129.9,128.62,175.46,7.79,1006.3,746.6,100,42.31
172.38,13.61,172.37,156.76,4.14,1006.3,856.4,100,39.91
173.54,50.05,173.53,164.77,6.47,1006.2,793.5,100,55.39
167.0,75.4,167.0,164.03,7.91,1007.3,770.1,100,55.65
173.81,93.37,159.9,172.34,9.73,1007.2,746.6,100,40.57
190.34,0.0,125.18,166.61,9.88,1079.0,798.9,100,34.69
250.0,0.0,95.69,191.84,5.33,948.9,857.2,100,40.0
213.5,0.0,174.24,159.21,11.66,1043.6,771.9,100,52.83
194.68,0.0,100.52,170.17,7.48,998.0,901.8,100,43.41
251.37,0.0,118.27,192.94,5.75,1043.6,754.3,100,41.41
446.0,24.0,79.0,162.0,11.61,967.0,712.0,28,51.47
446.0,24.0,79.0,162.0,11.64,967.0,712.0,28,43.86
446.0,24.0,79.0,162.0,11.64,967.0,712.0,28,43.86
446.0,24.0,79.0,162.0,10.3,967.0,712.0,28,53.63
446.0,24.0,79.0,162.0,11.61,967.0,712.0,3,29.31
446.0,24.0,79.0,162.0,11.64,967.0,712.0,3,21.7
446.0,24.0,79.0,162.0,11.64,967.0,712.0,3,21.7
446.0,24.0,79.0,162.0,11.61,967.0,712.0,7,42.58
446.0,24.0,79.0,162.0,11.64,967.0,712.0,7,34.97
446.0,24.0,79.0,162.0,11.64,967.0,712.0,7,34.97
446.0,24.0,79.0,162.0,11.61,967.0,712.0,56,57.57
446.0,24.0,79.0,162.0,11.64,967.0,712.0,56,49.95
446.0,24.0,79.0,162.0,11.64,967.0,712.0,56,49.95
446.0,24.0,79.0,162.0,10.3,967.0,712.0,56,54.3
387.0,20.0,94.0,157.0,14.32,938.0,845.0,28,45.07
387.0,20.0,94.0,157.0,13.93,938.0,845.0,28,45.41
387.0,20.0,94.0,157.0,11.61,938.0,845.0,28,50.48
387.0,20.0,94.0,157.0,14.32,938.0,845.0,3,23.78
387.0,20.0,94.0,157.0,13.93,938.0,845.0,3,24.12
387.0,20.0,94.0,157.0,11.61,938.0,845.0,3,29.19
387.0,20.0,94.0,157.0,14.32,938.0,845.0,7,39.08
387.0,20.0,94.0,157.0,13.93,938.0,845.0,7,39.42
387.0,20.0,94.0,157.0,11.61,938.0,845.0,7,44.49
387.0,20.0,94.0,157.0,14.32,938.0,845.0,56,51.73
387.0,20.0,94.0,157.0,13.93,938.0,845.0,56,52.07
387.0,20.0,94.0,157.0,11.61,938.0,845.0,56,57.13
355.0,19.0,97.0,145.0,13.13,967.0,871.0,28,53.58
355.0,19.0,97.0,145.0,12.25,967.0,871.0,28,53.37
491.0,26.0,123.0,210.0,3.93,882.0,699.0,28,49.54
491.0,26.0,123.0,201.0,3.93,822.0,699.0,28,53.29
491.0,26.0,123.0,210.0,3.93,882.0,699.0,3,25.5
491.0,26.0,123.0,210.0,3.93,882.0,699.0,7,34.4
491.0,26.0,123.0,210.0,3.93,882.0,699.0,56,53.67
491.0,26.0,123.0,201.0,3.93,822.0,699.0,3,29.01
491.0,26.0,123.0,201.0,3.93,822.0,699.0,7,37.56
491.0,26.0,123.0,201.0,3.93,822.0,699.0,56,56.28
424.0,22.0,132.0,178.0,8.48,822.0,750.0,28,58.17
424.0,22.0,132.0,178.0,8.48,882.0,750.0,3,25.31
424.0,22.0,132.0,168.0,8.92,822.0,750.0,28,56.81
424.0,22.0,132.0,178.0,8.48,822.0,750.0,7,36.78
424.0,22.0,132.0,178.0,8.48,822.0,750.0,56,57.93
424.0,22.0,132.0,168.0,8.92,822.0,750.0,3,31.59
424.0,22.0,132.0,168.0,8.92,822.0,750.0,7,40.84
424.0,22.0,132.0,168.0,8.92,822.0,750.0,56,63.69
202.0,11.0,141.0,206.0,1.72,942.0,801.0,28,34.26
202.0,11.0,141.0,206.0,1.72,942.0,801.0,3,10.42
202.0,11.0,141.0,206.0,1.72,942.0,801.0,7,19.57
202.0,11.0,141.0,206.0,1.72,942.0,801.0,56,37.54
284.0,15.0,141.0,179.0,5.46,842.0,801.0,28,45.32
284.0,15.0,141.0,179.0,5.46,842.0,801.0,3,24.97
284.0,15.0,141.0,179.0,5.46,842.0,801.0,7,33.03
284.0,15.0,141.0,179.0,5.46,842.0,801.0,56,45.95
359.0,19.0,141.0,154.0,10.91,942.0,801.0,28,59.71
359.0,19.0,141.0,154.0,10.91,942.0,801.0,28,59.71
359.0,19.0,141.0,154.0,10.91,942.0,801.0,3,21.95
359.0,19.0,141.0,154.0,10.91,942.0,801.0,3,21.95
359.0,19.0,141.0,154.0,10.91,942.0,801.0,7,26.86
359.0,19.0,141.0,154.0,10.91,942.0,801.0,7,26.86
359.0,19.0,141.0,154.0,10.91,942.0,801.0,56,66.07
359.0,19.0,141.0,154.0,10.91,942.0,801.0,56,66.07
436.0,0.0,0.0,218.0,0.0,838.4,719.7,28,28.47
289.0,0.0,0.0,192.0,0.0,913.2,895.3,90,36.97
289.0,0.0,0.0,192.0,0.0,913.2,895.3,3,22.75
393.0,0.0,0.0,192.0,0.0,940.6,785.6,3,24.69
393.0,0.0,0.0,192.0,0.0,940.6,785.6,90,48.0
393.0,0.0,0.0,192.0,0.0,940.6,785.6,28,40.83
480.0,0.0,0.0,192.0,0.0,936.2,712.2,28,45.85
480.0,0.0,0.0,192.0,0.0,936.2,712.2,7,35.86
480.0,0.0,0.0,192.0,0.0,936.2,712.2,90,51.72
480.0,0.0,0.0,192.0,0.0,936.2,712.2,3,26.67
333.0,0.0,0.0,192.0,0.0,931.2,842.6,3,24.46
255.0,0.0,0.0,192.0,0.0,889.8,945.0,90,36.9
255.0,0.0,0.0,192.0,0.0,889.8,945.0,7,26.18
289.0,0.0,0.0,192.0,0.0,913.2,895.3,7,29.79
255.0,0.0,0.0,192.0,0.0,889.8,945.0,28,30.09
333.0,0.0,0.0,192.0,0.0,931.2,842.6,28,39.02
333.0,0.0,0.0,192.0,0.0,931.2,842.6,7,31.66
289.0,0.0,0.0,192.0,0.0,913.2,895.3,28,34.35
333.0,0.0,0.0,192.0,0.0,931.2,842.6,90,45.05
393.0,0.0,0.0,192.0,0.0,940.6,785.6,7,33.23
255.0,0.0,0.0,192.0,0.0,889.8,945.0,3,19.41
158.8,238.2,0.0,185.7,0.0,1040.6,734.3,7,16.81
239.6,359.4,0.0,185.7,0.0,941.6,664.3,7,25.07
238.2,158.8,0.0,185.7,0.0,1040.6,734.3,7,22.8
181.9,272.8,0.0,185.7,0.0,1012.4,714.3,28,31.76
193.5,290.2,0.0,185.7,0.0,998.2,704.3,28,37.48
255.5,170.3,0.0,185.7,0.0,1026.6,724.3,7,24.22
272.8,181.9,0.0,185.7,0.0,1012.4,714.3,7,27.33
239.6,359.4,0.0,185.7,0.0,941.6,664.3,28,39.97
220.8,147.2,0.0,185.7,0.0,1055.0,744.3,28,30.52
397.0,0.0,0.0,185.7,0.0,1040.6,734.3,28,38.01
382.5,0.0,0.0,185.7,0.0,1047.8,739.3,7,28.54
210.7,316.1,0.0,185.7,0.0,977.0,689.3,7,23.76
158.8,238.2,0.0,185.7,0.0,1040.6,734.3,28,25.61
295.8,0.0,0.0,185.7,0.0,1091.4,769.3,7,26.84
255.5,170.3,0.0,185.7,0.0,1026.6,724.3,28,34.39
203.5,135.7,0.0,185.7,0.0,1076.2,759.3,7,18.57
397.0,0.0,0.0,185.7,0.0,1040.6,734.3,7,30.29
381.4,0.0,0.0,185.7,0.0,1104.6,784.3,28,29.31
295.8,0.0,0.0,185.7,0.0,1091.4,769.3,28,30.48
228.0,342.1,0.0,185.7,0.0,955.8,674.3,28,40.42
220.8,147.2,0.0,185.7,0.0,1055.0,744.3,7,19.87
316.1,210.7,0.0,185.7,0.0,977.0,689.3,28,44.91
135.7,203.5,0.0,185.7,0.0,1076.2,759.3,7,13.08
238.1,0.0,0.0,185.7,0.0,1118.8,789.3,28,26.93
339.2,0.0,0.0,185.7,0.0,1069.2,754.3,7,25.01
135.7,203.5,0.0,185.7,0.0,1076.2,759.3,28,20.61
193.5,290.2,0.0,185.7,0.0,998.2,704.3,7,21.72
203.5,135.7,0.0,185.7,0.0,1076.2,759.3,28,30.39
290.2,193.5,0.0,185.7,0.0,998.2,704.3,7,26.3
181.9,272.8,0.0,185.7,0.0,1012.4,714.3,7,19.37
170.3,155.5,0.0,185.7,0.0,1026.6,724.3,28,27.45
210.7,316.1,0.0,185.7,0.0,977.0,689.3,28,40.61
228.0,342.1,0.0,185.7,0.0,955.8,674.3,7,23.4
290.2,193.5,0.0,185.7,0.0,998.2,704.3,28,38.73
381.4,0.0,0.0,185.7,0.0,1104.6,784.3,7,22.13
238.2,158.8,0.0,185.7,0.0,1040.6,734.3,28,31.59
186.2,124.1,0.0,185.7,0.0,1083.4,764.3,7,14.28
339.2,0.0,0.0,185.7,0.0,1069.2,754.3,28,32.68
238.1,0.0,0.0,185.7,0.0,1118.8,789.3,7,24.39
252.5,0.0,0.0,185.7,0.0,1111.6,784.3,28,28.93
382.5,0.0,0.0,185.7,0.0,1047.8,739.3,28,37.44
252.5,0.0,0.0,185.7,0.0,1111.6,784.3,7,25.99
316.1,210.7,0.0,185.7,0.0,977.0,689.3,7,28.5
186.2,124.1,0.0,185.7,0.0,1083.4,764.3,28,21.79
170.3,155.5,0.0,185.7,0.0,1026.6,724.3,7,17.58
272.8,181.9,0.0,185.7,0.0,1012.4,714.3,28,37.7
339.0,0.0,0.0,197.0,0.0,968.0,781.0,3,22.36
339.0,0.0,0.0,197.0,0.0,968.0,781.0,7,29.29
339.0,0.0,0.0,197.0,0.0,968.0,781.0,14,33.35
339.0,0.0,0.0,197.0,0.0,968.0,781.0,28,37.01
339.0,0.0,0.0,197.0,0.0,968.0,781.0,90,40.63
339.0,0.0,0.0,197.0,0.0,968.0,781.0,180,34.83
339.0,0.0,0.0,197.0,0.0,968.0,781.0,365,36.4
236.0,0.0,0.0,194.0,0.0,968.0,885.0,3,18.42
236.0,0.0,0.0,194.0,0.0,968.0,885.0,14,26.47
236.0,0.0,0.0,194.0,0.0,968.0,885.0,28,28.25
236.0,0.0,0.0,194.0,0.0,968.0,885.0,90,31.89
236.0,0.0,0.0,193.0,0.0,968.0,885.0,180,31.35
236.0,0.0,0.0,193.0,0.0,968.0,885.0,365,33.78
277.0,0.0,0.0,191.0,0.0,968.0,856.0,14,32.83
277.0,0.0,0.0,191.0,0.0,968.0,856.0,28,33.89
277.0,0.0,0.0,191.0,0.0,968.0,856.0,3,23.18
277.0,0.0,0.0,191.0,0.0,968.0,856.0,90,37.17
277.0,0.0,0.0,191.0,0.0,968.0,856.0,180,33.1
277.0,0.0,0.0,191.0,0.0,968.0,856.0,360,34.94
254.0,0.0,0.0,198.0,0.0,968.0,863.0,3,21.31
254.0,0.0,0.0,198.0,0.0,968.0,863.0,90,34.9
254.0,0.0,0.0,198.0,0.0,968.0,863.0,180,31.35
254.0,0.0,0.0,198.0,0.0,968.0,863.0,365,33.8
307.0,0.0,0.0,193.0,0.0,968.0,812.0,180,34.38
307.0,0.0,0.0,193.0,0.0,968.0,812.0,365,36.1
307.0,0.0,0.0,193.0,0.0,968.0,812.0,3,21.5
307.0,0.0,0.0,193.0,0.0,968.0,812.0,28,35.69
307.0,0.0,0.0,193.0,0.0,968.0,812.0,90,38.97
236.0,0.0,0.0,193.0,0.0,968.0,885.0,7,24.82
200.0,0.0,0.0,180.0,0.0,1125.0,845.0,7,24.29
200.0,0.0,0.0,180.0,0.0,1125.0,845.0,28,25.36
225.0,0.0,0.0,181.0,0.0,1113.0,833.0,7,23.95
225.0,0.0,0.0,181.0,0.0,1113.0,833.0,28,25.62
325.0,0.0,0.0,184.0,0.0,1063.0,783.0,7,27.6
325.0,0.0,0.0,184.0,0.0,1063.0,783.0,28,35.74
275.0,0.0,0.0,183.0,0.0,1088.0,808.0,7,26.91
275.0,0.0,0.0,183.0,0.0,1088.0,808.0,28,29.54
300.0,0.0,0.0,184.0,0.0,1075.0,795.0,7,30.14
300.0,0.0,0.0,184.0,0.0,1075.0,795.0,28,33.28
375.0,0.0,0.0,186.0,0.0,1038.0,758.0,7,31.65
375.0,0.0,0.0,186.0,0.0,1038.0,758.0,28,39.98
400.0,0.0,0.0,187.0,0.0,1025.0,745.0,28,42.02
400.0,0.0,0.0,187.0,0.0,1025.0,745.0,7,36.03
250.0,0.0,0.0,182.0,0.0,1100.0,820.0,7,26.35
250.0,0.0,0.0,182.0,0.0,1100.0,820.0,28,29.24
350.0,0.0,0.0,186.0,0.0,1050.0,770.0,7,30.53
350.0,0.0,0.0,186.0,0.0,1050.0,770.0,28,39.52
203.5,305.3,0.0,203.5,0.0,963.4,630.0,7,21.71
250.2,166.8,0.0,203.5,0.0,977.6,694.1,90,40.74
157.0,236.0,0.0,192.0,0.0,935.4,781.2,90,32.35
141.3,212.0,0.0,203.5,0.0,971.8,748.5,28,30.36
166.8,250.2,0.0,203.5,0.0,975.6,692.6,3,9.56
122.6,183.9,0.0,203.5,0.0,958.2,800.1,90,29.8
183.9,122.6,0.0,203.5,0.0,959.2,800.0,3,9.14
102.0,153.0,0.0,192.0,0.0,887.0,942.0,3,8.9
102.0,153.0,0.0,192.0,0.0,887.0,942.0,90,27.08
122.6,183.9,0.0,203.5,0.0,958.2,800.1,28,26.37
166.8,250.2,0.0,203.5,0.0,975.6,692.6,28,34.07
200.0,133.0,0.0,192.0,0.0,965.4,806.2,3,14.67
108.3,162.4,0.0,203.5,0.0,938.2,849.0,28,24.87
305.3,203.5,0.0,203.5,0.0,965.4,631.0,7,27.88
108.3,162.4,0.0,203.5,0.0,938.2,849.0,90,27.65
116.0,173.0,0.0,192.0,0.0,909.8,891.9,90,29.51
141.3,212.0,0.0,203.5,0.0,971.8,748.5,7,17.38
157.0,236.0,0.0,192.0,0.0,935.4,781.2,28,33.72
133.0,200.0,0.0,192.0,0.0,927.4,839.2,28,30.73
250.2,166.8,0.0,203.5,0.0,977.6,694.1,7,24.47
173.0,116.0,0.0,192.0,0.0,946.8,856.8,7,18.1
192.0,288.0,0.0,192.0,0.0,929.8,716.1,3,15.7
192.0,288.0,0.0,192.0,0.0,929.8,716.1,28,42.25
153.0,102.0,0.0,192.0,0.0,888.0,943.1,3,8.56
288.0,192.0,0.0,192.0,0.0,932.0,717.8,3,20.8
305.3,203.5,0.0,203.5,0.0,965.4,631.0,28,43.63
236.0,157.0,0.0,192.0,0.0,972.6,749.1,7,25.28
173.0,116.0,0.0,192.0,0.0,946.8,856.8,3,11.0
212.0,141.3,0.0,203.5,0.0,973.4,750.0,7,20.27
236.0,157.0,0.0,192.0,0.0,972.6,749.1,3,15.84
183.9,122.6,0.0,203.5,0.0,959.2,800.0,90,29.54
166.8,250.2,0.0,203.5,0.0,975.6,692.6,7,19.27
102.0,153.0,0.0,192.0,0.0,887.0,942.0,7,15.13
288.0,192.0,0.0,192.0,0.0,932.0,717.8,28,45.8
212.0,141.3,0.0,203.5,0.0,973.4,750.0,28,34.02
102.0,153.0,0.0,192.0,0.0,887.0,942.0,28,24.82
173.0,116.0,0.0,192.0,0.0,946.8,856.8,28,29.45
183.9,122.6,0.0,203.5,0.0,959.2,800.0,28,27.22
133.0,200.0,0.0,192.0,0.0,927.4,839.2,90,31.26
192.0,288.0,0.0,192.0,0.0,929.8,716.1,90,40.31
133.0,200.0,0.0,192.0,0.0,927.4,839.2,7,19.97
305.3,203.5,0.0,203.5,0.0,965.4,631.0,3,15.17
236.0,157.0,0.0,192.0,0.0,972.6,749.1,90,41.45
108.3,162.4,0.0,203.5,0.0,938.2,849.0,3,6.05
157.0,236.0,0.0,192.0,0.0,935.4,781.2,7,21.56
288.0,192.0,0.0,192.0,0.0,932.0,717.8,7,32.18
212.0,141.3,0.0,203.5,0.0,973.4,750.0,3,9.77
212.0,141.3,0.0,203.5,0.0,973.4,750.0,90,37.87
153.0,102.0,0.0,192.0,0.0,888.0,943.1,28,24.48
236.0,157.0,0.0,192.0,0.0,972.6,749.1,28,36.4
116.0,173.0,0.0,192.0,0.0,909.8,891.9,28,26.84
183.9,122.6,0.0,203.5,0.0,959.2,800.0,7,16.52
108.3,162.4,0.0,203.5,0.0,938.2,849.0,7,13.91
203.5,305.3,0.0,203.5,0.0,963.4,630.0,28,40.84
203.5,305.3,0.0,203.5,0.0,963.4,630.0,3,10.69
133.0,200.0,0.0,192.0,0.0,927.4,839.2,3,11.4
288.0,192.0,0.0,192.0,0.0,932.0,717.8,90,44.48
200.0,133.0,0.0,192.0,0.0,965.4,806.2,7,22.32
200.0,133.0,0.0,192.0,0.0,965.4,806.2,28,35.9
250.2,166.8,0.0,203.5,0.0,977.6,694.1,3,12.26
122.6,183.9,0.0,203.5,0.0,958.2,800.1,3,6.31
153.0,102.0,0.0,192.0,0.0,888.0,943.1,90,25.55
200.0,133.0,0.0,192.0,0.0,965.4,806.2,90,40.12
116.0,173.0,0.0,192.0,0.0,909.8,891.9,3,9.12
173.0,116.0,0.0,192.0,0.0,946.8,856.8,90,32.3
250.2,166.8,0.0,203.5,0.0,977.6,694.1,28,36.49
305.3,203.5,0.0,203.5,0.0,965.4,631.0,90,45.75
192.0,288.0,0.0,192.0,0.0,929.8,716.1,7,24.18
157.0,236.0,0.0,192.0,0.0,935.4,781.2,3,13.17
153.0,102.0,0.0,192.0,0.0,888.0,943.1,7,15.19
141.3,212.0,0.0,203.5,0.0,971.8,748.5,90,33.96
116.0,173.0,0.0,192.0,0.0,909.8,891.9,7,16.41
141.3,212.0,0.0,203.5,0.0,971.8,748.5,3,7.93
122.6,183.9,0.0,203.5,0.0,958.2,800.1,7,15.22
166.8,250.2,0.0,203.5,0.0,975.6,692.6,90,36.78
203.5,305.3,0.0,203.5,0.0,963.4,630.0,90,43.78
310.0,0.0,0.0,192.0,0.0,1012.0,830.0,3,21.5
310.0,0.0,0.0,192.0,0.0,1012.0,830.0,7,27.93
310.0,0.0,0.0,192.0,0.0,1012.0,830.0,28,36.36
310.0,0.0,0.0,192.0,0.0,1012.0,830.0,90,40.99
310.0,0.0,0.0,192.0,0.0,1012.0,830.0,120,39.88
331.0,0.0,0.0,192.0,0.0,1025.0,821.0,3,22.72
331.0,0.0,0.0,192.0,0.0,1025.0,821.0,7,28.92
331.0,0.0,0.0,192.0,0.0,1025.0,821.0,28,38.11
331.0,0.0,0.0,192.0,0.0,1025.0,821.0,90,42.74
331.0,0.0,0.0,192.0,0.0,1025.0,821.0,120,39.86
349.0,0.0,0.0,192.0,0.0,1056.0,809.0,3,20.92
349.0,0.0,0.0,192.0,0.0,1056.0,809.0,7,23.12
349.0,0.0,0.0,192.0,0.0,1056.0,809.0,28,36.16
349.0,0.0,0.0,192.0,0.0,1056.0,809.0,90,40.82
349.0,0.0,0.0,192.0,0.0,1056.0,809.0,120,40.09
238.0,0.0,0.0,186.0,0.0,1119.0,789.0,7,25.13
238.0,0.0,0.0,186.0,0.0,1119.0,789.0,28,26.7
296.0,0.0,0.0,186.0,0.0,1090.0,769.0,7,29.58
296.0,0.0,0.0,186.0,0.0,1090.0,769.0,28,33.11
297.0,0.0,0.0,186.0,0.0,1040.0,734.0,7,33.09
480.0,0.0,0.0,192.0,0.0,936.0,721.0,28,45.86
480.0,0.0,0.0,192.0,0.0,936.0,721.0,90,51.8
397.0,0.0,0.0,186.0,0.0,1040.0,734.0,28,38.62
281.0,0.0,0.0,186.0,0.0,1104.0,774.0,7,26.98
281.0,0.0,0.0,185.0,0.0,1104.0,774.0,28,29.47
500.0,0.0,0.0,200.0,0.0,1125.0,613.0,1,12.7
500.0,0.0,0.0,200.0,0.0,1125.0,613.0,3,25.68
500.0,0.0,0.0,200.0,0.0,1125.0,613.0,7,31.82
500.0,0.0,0.0,200.0,0.0,1125.0,613.0,14,36.37
500.0,0.0,0.0,200.0,0.0,1125.0,613.0,28,41.07
540.0,0.0,0.0,173.0,0.0,1125.0,613.0,7,52.34
540.0,0.0,0.0,173.0,0.0,1125.0,613.0,14,58.65
540.0,0.0,0.0,173.0,0.0,1125.0,613.0,28,64.74
540.0,0.0,0.0,173.0,0.0,1125.0,613.0,90,66.6
540.0,0.0,0.0,173.0,0.0,1125.0,613.0,180,63.79
540.0,0.0,0.0,173.0,0.0,1125.0,613.0,270,65.38
350.0,0.0,0.0,203.0,0.0,974.0,775.0,7,28.52
350.0,0.0,0.0,203.0,0.0,974.0,775.0,14,30.91
350.0,0.0,0.0,203.0,0.0,974.0,775.0,28,34.42
350.0,0.0,0.0,203.0,0.0,974.0,775.0,56,37.41
350.0,0.0,0.0,203.0,0.0,974.0,775.0,90,38.65
350.0,0.0,0.0,203.0,0.0,974.0,775.0,180,30.94
385.0,0.0,0.0,186.0,0.0,966.0,763.0,1,11.66
385.0,0.0,0.0,186.0,0.0,966.0,763.0,3,23.07
385.0,0.0,0.0,186.0,0.0,966.0,763.0,7,32.12
385.0,0.0,0.0,186.0,0.0,966.0,763.0,14,35.65
385.0,0.0,0.0,186.0,0.0,966.0,763.0,28,38.94
331.0,0.0,0.0,192.0,0.0,978.0,825.0,180,38.74
331.0,0.0,0.0,192.0,0.0,978.0,825.0,360,40.14
349.0,0.0,0.0,192.0,0.0,1047.0,806.0,3,22.75
331.0,0.0,0.0,192.0,0.0,978.0,825.0,3,21.98
382.0,0.0,0.0,186.0,0.0,1047.0,739.0,7,28.72
382.0,0.0,0.0,186.0,0.0,1047.0,739.0,28,37.57
382.0,0.0,0.0,186.0,0.0,1111.0,784.0,7,22.98
281.0,0.0,0.0,186.0,0.0,1104.0,774.0,28,29.78
339.0,0.0,0.0,185.0,0.0,1069.0,754.0,7,25.75
339.0,0.0,0.0,185.0,0.0,1069.0,754.0,28,33.06
295.0,0.0,0.0,185.0,0.0,1069.0,769.0,7,26.82
295.0,0.0,0.0,185.0,0.0,1069.0,769.0,28,30.33
238.0,0.0,0.0,185.0,0.0,1118.0,789.0,28,26.29
296.0,0.0,0.0,192.0,0.0,1085.0,765.0,7,27.75
296.0,0.0,0.0,192.0,0.0,1085.0,765.0,28,32.16
296.0,0.0,0.0,192.0,0.0,1085.0,765.0,90,35.9
331.0,0.0,0.0,192.0,0.0,879.0,825.0,3,21.84
331.0,0.0,0.0,192.0,0.0,978.0,825.0,7,28.4
331.0,0.0,0.0,192.0,0.0,978.0,825.0,28,36.89
331.0,0.0,0.0,192.0,0.0,978.0,825.0,90,41.59
349.0,0.0,0.0,192.0,0.0,1047.0,806.0,7,28.37
349.0,0.0,0.0,192.0,0.0,1047.0,806.0,28,38.43
349.0,0.0,0.0,192.0,0.0,1047.0,806.0,90,43.05
349.0,0.0,0.0,192.0,0.0,1047.0,806.0,180,40.21
349.0,0.0,0.0,192.0,0.0,1047.0,806.0,360,41.41
302.0,0.0,0.0,203.0,0.0,974.0,817.0,14,30.5
302.0,0.0,0.0,203.0,0.0,974.0,817.0,180,27.35
525.0,0.0,0.0,189.0,0.0,1125.0,613.0,180,55.39
500.0,0.0,0.0,200.0,0.0,1125.0,613.0,90,44.08
500.0,0.0,0.0,200.0,0.0,1125.0,613.0,180,44.84
500.0,0.0,0.0,200.0,0.0,1125.0,613.0,270,46.74
540.0,0.0,0.0,173.0,0.0,1125.0,613.0,3,45.51
252.0,0.0,0.0,185.0,0.0,1111.0,784.0,7,26.54
252.0,0.0,0.0,185.0,0.0,1111.0,784.0,28,29.12
339.0,0.0,0.0,185.0,0.0,1060.0,754.0,28,33.06
393.0,0.0,0.0,192.0,0.0,940.0,758.0,3,23.91
393.0,0.0,0.0,192.0,0.0,940.0,758.0,28,39.85
393.0,0.0,0.0,192.0,0.0,940.0,758.0,90,47.09
382.0,0.0,0.0,185.0,0.0,1047.0,739.0,7,29.52
382.0,0.0,0.0,185.0,0.0,1047.0,739.0,28,37.88
252.0,0.0,0.0,186.0,0.0,1111.0,784.0,7,25.42
252.0,0.0,0.0,185.0,0.0,1111.0,784.0,28,29.12
310.0,0.0,0.0,192.0,0.0,970.0,850.0,7,27.77
310.0,0.0,0.0,192.0,0.0,970.0,850.0,28,35.86
310.0,0.0,0.0,192.0,0.0,970.0,850.0,90,40.13
310.0,0.0,0.0,192.0,0.0,970.0,850.0,180,36.51
310.0,0.0,0.0,192.0,0.0,970.0,850.0,360,37.83
525.0,0.0,0.0,189.0,0.0,1125.0,613.0,3,34.38
525.0,0.0,0.0,189.0,0.0,1125.0,613.0,7,41.87
525.0,0.0,0.0,189.0,0.0,1125.0,613.0,14,47.77
525.0,0.0,0.0,189.0,0.0,1125.0,613.0,28,51.89
525.0,0.0,0.0,189.0,0.0,1125.0,613.0,90,55.37
525.0,0.0,0.0,189.0,0.0,1125.0,613.0,270,57.82
322.0,0.0,0.0,203.0,0.0,974.0,800.0,14,29.81
322.0,0.0,0.0,203.0,0.0,974.0,800.0,28,33.03
322.0,0.0,0.0,203.0,0.0,974.0,800.0,180,30.35
302.0,0.0,0.0,203.0,0.0,974.0,817.0,28,31.71
397.0,0.0,0.0,185.0,0.0,1040.0,734.0,28,39.96
480.0,0.0,0.0,192.0,0.0,936.0,721.0,3,27.02
522.0,0.0,0.0,146.0,0.0,896.0,896.0,7,60.7
522.0,0.0,0.0,146.0,0.0,896.0,896.0,28,72.9
273.0,105.0,82.0,210.0,9.0,904.0,680.0,28,38.57
162.0,190.0,148.0,179.0,19.0,838.0,741.0,28,34.67
154.0,144.0,112.0,220.0,10.0,923.0,658.0,28,19.5
147.0,115.0,89.0,202.0,9.0,860.0,829.0,28,22.53
152.0,178.0,139.0,168.0,18.0,944.0,695.0,28,33.25
310.0,143.0,111.0,168.0,22.0,914.0,651.0,28,33.85
144.0,0.0,175.0,158.0,18.0,943.0,844.0,28,17.74
304.0,140.0,0.0,214.0,6.0,895.0,722.0,28,37.54
374.0,0.0,0.0,190.0,7.0,1013.0,730.0,28,39.76
159.0,149.0,116.0,175.0,15.0,953.0,720.0,28,37.15
153.0,239.0,0.0,200.0,6.0,1002.0,684.0,28,28.33
310.0,143.0,0.0,168.0,10.0,914.0,804.0,28,45.88
305.0,0.0,100.0,196.0,10.0,959.0,705.0,28,42.78
151.0,0.0,184.0,167.0,12.0,991.0,772.0,28,15.32
142.0,167.0,130.0,174.0,11.0,883.0,785.0,28,41.64
298.0,137.0,107.0,201.0,6.0,878.0,655.0,28,50.13
321.0,164.0,0.0,190.0,5.0,870.0,774.0,28,58.94
366.0,187.0,0.0,191.0,7.0,824.0,757.0,28,65.67
280.0,129.0,100.0,172.0,9.0,825.0,805.0,28,52.24
252.0,97.0,76.0,194.0,8.0,835.0,821.0,28,36.45
165.0,0.0,150.0,182.0,12.0,1023.0,729.0,28,18.64
156.0,243.0,0.0,180.0,11.0,1022.0,698.0,28,40.14
160.0,188.0,146.0,203.0,11.0,829.0,710.0,28,32.33
298.0,0.0,107.0,186.0,6.0,879.0,815.0,28,45.89
318.0,0.0,126.0,210.0,6.0,861.0,737.0,28,42.53
287.0,121.0,94.0,188.0,9.0,904.0,696.0,28,44.37
326.0,166.0,0.0,174.0,9.0,882.0,790.0,28,61.1
356.0,0.0,142.0,193.0,11.0,801.0,778.0,28,52.81
132.0,207.0,161.0,179.0,5.0,867.0,736.0,28,33.55
322.0,149.0,0.0,186.0,8.0,951.0,709.0,28,54.78
164.0,0.0,200.0,181.0,13.0,849.0,846.0,28,12.75
314.0,0.0,113.0,170.0,10.0,925.0,783.0,28,49.6
321.0,0.0,128.0,182.0,11.0,870.0,780.0,28,55.05
140.0,164.0,128.0,237.0,6.0,869.0,656.0,28,32.06
288.0,121.0,0.0,177.0,7.0,908.0,829.0,28,44.56
298.0,0.0,107.0,210.0,11.0,880.0,744.0,28,39.84
265.0,111.0,86.0,195.0,6.0,833.0,790.0,28,43.63
160.0,250.0,0.0,168.0,12.0,1049.0,688.0,28,41.81
166.0,260.0,0.0,183.0,13.0,859.0,827.0,28,41.11
276.0,116.0,90.0,180.0,9.0,870.0,768.0,28,46.87
322.0,0.0,116.0,196.0,10.0,818.0,813.0,28,51.28
149.0,139.0,109.0,193.0,6.0,892.0,780.0,28,24.8
159.0,187.0,0.0,176.0,11.0,990.0,789.0,28,34.62
261.0,100.0,78.0,201.0,9.0,864.0,761.0,28,34.15
237.0,92.0,71.0,247.0,6.0,853.0,695.0,28,30.03
313.0,0.0,113.0,178.0,8.0,1002.0,689.0,28,37.25
155.0,183.0,0.0,193.0,9.0,1047.0,697.0,28,23.82
146.0,230.0,0.0,202.0,3.0,827.0,872.0,28,35.36
296.0,0.0,107.0,221.0,11.0,819.0,778.0,28,38.52
133.0,210.0,0.0,196.0,3.0,949.0,795.0,28,32.19
313.0,145.0,0.0,178.0,8.0,867.0,824.0,28,47.42
152.0,0.0,112.0,184.0,8.0,992.0,816.0,28,23.07
153.0,145.0,113.0,178.0,8.0,1002.0,689.0,28,25.72
140.0,133.0,103.0,200.0,7.0,916.0,753.0,28,30.73
149.0,236.0,0.0,176.0,13.0,847.0,893.0,28,34.66
300.0,0.0,120.0,212.0,10.0,878.0,728.0,28,38.41
153.0,145.0,113.0,178.0,8.0,867.0,824.0,28,26.96
148.0,0.0,137.0,158.0,16.0,1002.0,830.0,28,19.89
326.0,0.0,138.0,199.0,11.0,801.0,792.0,28,52.66
153.0,145.0,0.0,178.0,8.0,1000.0,822.0,28,24.95
262.0,111.0,86.0,195.0,5.0,895.0,733.0,28,35.91
158.0,0.0,195.0,220.0,11.0,898.0,713.0,28,23.62
151.0,0.0,185.0,167.0,16.0,1074.0,678.0,28,13.77
273.0,0.0,90.0,199.0,11.0,931.0,762.0,28,42.44
149.0,118.0,92.0,183.0,7.0,953.0,780.0,28,25.07
143.0,169.0,143.0,191.0,8.0,967.0,643.0,28,28.72
260.0,101.0,78.0,171.0,10.0,936.0,763.0,28,39.17
313.0,161.0,0.0,178.0,10.0,917.0,759.0,28,46.76
284.0,120.0,0.0,168.0,7.0,970.0,794.0,28,46.4
336.0,0.0,0.0,182.0,3.0,986.0,817.0,28,38.2
145.0,0.0,134.0,181.0,11.0,979.0,812.0,28,15.28
150.0,237.0,0.0,174.0,12.0,1069.0,675.0,28,37.64
144.0,170.0,133.0,192.0,8.0,814.0,805.0,28,29.42
331.0,170.0,0.0,195.0,8.0,811.0,802.0,28,58.57
155.0,0.0,143.0,193.0,9.0,1047.0,697.0,28,13.05
155.0,183.0,0.0,193.0,9.0,877.0,868.0,28,27.16
135.0,0.0,166.0,180.0,10.0,961.0,805.0,28,13.9
266.0,112.0,87.0,178.0,10.0,910.0,745.0,28,41.97
314.0,145.0,113.0,179.0,8.0,869.0,690.0,28,49.96
313.0,145.0,0.0,127.0,8.0,1000.0,822.0,28,45.35
146.0,173.0,0.0,182.0,3.0,986.0,817.0,28,28.21
144.0,136.0,106.0,178.0,7.0,941.0,774.0,28,27.42
148.0,0.0,182.0,181.0,15.0,839.0,884.0,28,14.86
277.0,117.0,91.0,191.0,7.0,946.0,666.0,28,44.19
298.0,0.0,107.0,164.0,13.0,953.0,784.0,28,39.23
313.0,145.0,0.0,178.0,8.0,1002.0,689.0,28,44.38
155.0,184.0,143.0,194.0,9.0,880.0,699.0,28,28.17
289.0,134.0,0.0,195.0,6.0,924.0,760.0,28,45.86
148.0,175.0,0.0,171.0,2.0,1000.0,828.0,28,30.42
145.0,0.0,179.0,202.0,8.0,824.0,869.0,28,25.96
313.0,0.0,0.0,178.0,8.0,1000.0,822.0,28,34.66
136.0,162.0,126.0,172.0,10.0,923.0,764.0,28,29.08
155.0,0.0,143.0,193.0,9.0,877.0,868.0,28,25.23
255.0,99.0,77.0,189.0,6.0,919.0,749.0,28,35.14
162.0,207.0,172.0,216.0,10.0,822.0,638.0,28,36.95
136.0,196.0,98.0,199.0,6.0,847.0,783.0,28,28.08
164.0,163.0,128.0,197.0,8.0,961.0,641.0,28,30.85
162.0,214.0,164.0,202.0,10.0,820.0,680.0,28,30.28
157.0,214.0,152.0,200.0,9.0,819.0,704.0,28,33.49
149.0,153.0,194.0,192.0,8.0,935.0,623.0,28,24.24
135.0,105.0,193.0,196.0,6.0,965.0,643.0,28,24.84
159.0,209.0,161.0,201.0,7.0,848.0,669.0,28,30.42
144.0,15.0,195.0,176.0,6.0,1021.0,709.0,28,19.24
154.0,174.0,185.0,228.0,7.0,845.0,612.0,28,23.84
167.0,187.0,195.0,185.0,7.0,898.0,636.0,28,23.87
184.0,86.0,190.0,213.0,6.0,923.0,623.0,28,22.86
156.0,178.0,187.0,221.0,7.0,854.0,614.0,28,25.66
236.9,91.7,71.5,246.9,6.0,852.9,695.4,28,30.03
313.3,0.0,113.0,178.5,8.0,1001.9,688.7,28,37.25
154.8,183.4,0.0,193.3,9.1,1047.4,696.7,28,20.91
145.9,230.5,0.0,202.5,3.4,827.0,871.8,28,35.06
296.0,0.0,106.7,221.4,10.5,819.2,778.4,28,37.12
133.1,210.2,0.0,195.7,3.1,949.4,795.3,28,30.89
313.3,145.0,0.0,178.5,8.0,867.2,824.0,28,51.5
151.6,0.0,111.9,184.4,7.9,992.0,815.9,28,23.07
153.1,145.0,113.0,178.5,8.0,1001.9,688.7,28,25.75
139.9,132.6,103.3,200.3,7.4,916.0,753.4,28,34.86
149.5,236.0,0.0,175.8,12.6,846.8,892.7,28,34.66
299.8,0.0,119.8,211.5,9.9,878.2,727.6,28,38.41
153.1,145.0,113.0,178.5,8.0,867.2,824.0,28,26.68
148.1,0.0,136.6,158.1,16.1,1001.8,830.1,28,19.86
326.5,0.0,137.9,199.0,10.8,801.1,792.5,28,52.66
152.7,144.7,0.0,178.1,8.0,999.7,822.2,28,24.84
261.9,110.5,86.1,195.4,5.0,895.2,732.6,28,35.91
158.4,0.0,194.9,219.7,11.0,897.7,712.9,28,23.62
150.7,0.0,185.3,166.7,15.6,1074.5,678.0,28,13.77
272.6,0.0,89.6,198.7,10.6,931.3,762.2,28,42.44
149.0,117.6,91.7,182.9,7.1,953.4,780.3,28,25.07
143.0,169.4,142.7,190.7,8.4,967.4,643.5,28,28.72
259.9,100.6,78.4,170.6,10.4,935.7,762.9,28,39.83
312.9,160.5,0.0,177.6,9.6,916.6,759.5,28,46.76
284.0,119.7,0.0,168.3,7.2,970.4,794.2,28,46.4
336.5,0.0,0.0,181.9,3.4,985.8,816.8,28,38.15
144.8,0.0,133.6,180.8,11.1,979.5,811.5,28,15.28
150.0,236.8,0.0,173.8,11.9,1069.3,674.8,28,37.64
143.7,170.2,132.6,191.6,8.5,814.1,805.3,28,30.19
330.5,169.6,0.0,194.9,8.1,811.0,802.3,28,58.57
154.8,0.0,142.8,193.3,9.1,1047.4,696.7,28,12.9
154.8,183.4,0.0,193.3,9.1,877.2,867.7,28,26.45
134.7,0.0,165.7,180.2,10.0,961.0,804.9,28,13.9
266.2,112.3,87.5,177.9,10.4,909.7,744.5,28,42.48
314.0,145.3,113.2,178.9,8.0,869.1,690.2,28,49.78
312.7,144.7,0.0,127.3,8.0,999.7,822.2,28,45.35
145.7,172.6,0.0,181.9,3.4,985.8,816.8,28,28.21
143.8,136.3,106.2,178.1,7.5,941.5,774.3,28,27.45
148.1,0.0,182.1,181.4,15.0,838.9,884.3,28,14.44
277.0,116.8,91.0,190.6,7.0,946.5,665.6,28,44.19
298.1,0.0,107.5,163.6,12.8,953.2,784.0,28,34.95
313.3,145.0,0.0,178.5,8.0,1001.9,688.7,28,49.28
155.2,183.9,143.2,193.8,9.2,879.6,698.5,28,28.97
289.0,133.7,0.0,194.9,5.5,924.1,760.1,28,45.91
147.8,175.1,0.0,171.2,2.2,1000.0,828.5,28,30.42
145.4,0.0,178.9,201.7,7.8,824.0,868.7,28,25.96
312.7,0.0,0.0,178.1,8.0,999.7,822.2,28,34.75
136.4,161.6,125.8,171.6,10.4,922.6,764.4,28,29.16
154.8,0.0,142.8,193.3,9.1,877.2,867.7,28,24.4
255.3,98.8,77.0,188.6,6.5,919.0,749.3,28,35.09
272.8,105.1,81.8,209.7,9.0,904.0,679.7,28,38.57
162.0,190.1,148.1,178.8,18.8,838.1,741.4,28,34.65
153.6,144.2,112.3,220.1,10.1,923.2,657.9,28,18.05
146.5,114.6,89.3,201.9,8.8,860.0,829.5,28,22.53
151.8,178.1,138.7,167.5,18.3,944.0,694.6,28,33.25
309.9,142.8,111.2,167.8,22.1,913.9,651.2,28,37.45
143.6,0.0,174.9,158.4,17.9,942.7,844.5,28,17.53
303.6,139.9,0.0,213.5,6.2,895.5,722.5,28,37.54
374.3,0.0,0.0,190.2,6.7,1013.2,730.4,28,39.9
158.6,148.9,116.0,175.1,15.0,953.3,719.7,28,37.14
152.6,238.7,0.0,200.0,6.3,1001.8,683.9,28,28.33
310.0,142.8,0.0,167.9,10.0,914.3,804.0,28,45.88
304.8,0.0,99.6,196.0,9.8,959.4,705.2,28,42.78
150.9,0.0,183.9,166.6,11.6,991.2,772.2,28,15.52
141.9,166.6,129.7,173.5,10.9,882.6,785.3,28,42.49
297.8,137.2,106.9,201.3,6.0,878.4,655.3,28,50.13
321.3,164.2,0.0,190.5,4.6,870.0,774.0,28,58.98
366.0,187.0,0.0,191.3,6.6,824.3,756.9,28,65.8
279.8,128.9,100.4,172.4,9.5,825.1,804.9,28,52.06
252.1,97.1,75.6,193.8,8.3,835.5,821.4,28,36.45
164.6,0.0,150.4,181.6,11.7,1023.3,728.9,28,18.85
155.6,243.5,0.0,180.3,10.7,1022.0,697.7,28,40.18
160.2,188.0,146.4,203.2,11.3,828.7,709.7,28,34.39
298.1,0.0,107.0,186.4,6.1,879.0,815.2,28,45.89
317.9,0.0,126.5,209.7,5.7,860.5,736.6,28,42.27
287.3,120.5,93.9,187.6,9.2,904.4,695.9,28,43.68
325.6,166.4,0.0,174.0,8.9,881.6,790.0,28,61.1
355.9,0.0,141.6,193.3,11.0,801.4,778.4,28,52.47
132.0,206.5,160.9,178.9,5.5,866.9,735.6,28,34.03
322.5,148.6,0.0,185.8,8.5,951.0,709.5,28,54.78
164.2,0.0,200.1,181.2,12.6,849.3,846.0,28,12.75
313.8,0.0,112.6,169.9,10.1,925.3,782.9,28,48.55
321.4,0.0,127.9,182.5,11.5,870.1,779.7,28,54.13
139.7,163.9,127.7,236.7,5.8,868.6,655.6,28,33.25
288.4,121.0,0.0,177.4,7.0,907.9,829.5,28,44.56
298.2,0.0,107.0,209.7,11.1,879.6,744.2,28,39.84
264.5,111.0,86.5,195.5,5.9,832.6,790.4,28,43.81
159.8,250.0,0.0,168.4,12.2,1049.3,688.2,28,41.81
166.0,259.7,0.0,183.2,12.7,858.8,826.8,28,41.11
276.4,116.0,90.3,179.6,8.9,870.1,768.3,28,46.73
322.2,0.0,115.6,196.0,10.4,817.9,813.4,28,50.68
148.5,139.4,108.6,192.7,6.1,892.4,780.0,28,24.8
159.1,186.7,0.0,175.6,11.3,989.6,788.9,28,37.0
260.9,100.5,78.3,200.6,8.6,864.5,761.5,28,34.09
