id,Cement (component 1)(kg in a m^3 mixture),Blast Furnace Slag (component 2)(kg in a m^3 mixture),Fly Ash (component 3)(kg in a m^3 mixture),Water  (component 4)(kg in a m^3 mixture),Superplasticizer (component 5)(kg in a m^3 mixture),Coarse Aggregate  (component 6)(kg in a m^3 mixture),Fine Aggregate (component 7)(kg in a m^3 mixture),Age (day)
0,540.0,0.0,0.0,162.0,2.5,1040.0,676.0,28
1,540.0,0.0,0.0,162.0,2.5,1055.0,676.0,28
2,332.5,142.5,0.0,228.0,0.0,932.0,594.0,270
3,332.5,142.5,0.0,228.0,0.0,932.0,594.0,365
4,198.6,132.4,0.0,192.0,0.0,978.4,825.5,360
5,266.0,114.0,0.0,228.0,0.0,932.0,670.0,90
6,380.0,95.0,0.0,228.0,0.0,932.0,594.0,365
7,380.0,95.0,0.0,228.0,0.0,932.0,594.0,28
8,266.0,114.0,0.0,228.0,0.0,932.0,670.0,28
9,475.0,0.0,0.0,228.0,0.0,932.0,594.0,28
10,198.6,132.4,0.0,192.0,0.0,978.4,825.5,90
11,198.6,132.4,0.0,192.0,0.0,978.4,825.5,28
12,427.5,47.5,0.0,228.0,0.0,932.0,594.0,270
13,190.0,190.0,0.0,228.0,0.0,932.0,670.0,90
14,304.0,76.0,0.0,228.0,0.0,932.0,670.0,28
15,380.0,0.0,0.0,228.0,0.0,932.0,670.0,90
16,139.6,209.4,0.0,192.0,0.0,1047.0,806.9,90
17,342.0,38.0,0.0,228.0,0.0,932.0,670.0,365
18,380.0,95.0,0.0,228.0,0.0,932.0,594.0,90
19,475.0,0.0,0.0,228.0,0.0,932.0,594.0,180
20,427.5,47.5,0.0,228.0,0.0,932.0,594.0,180
21,139.6,209.4,0.0,192.0,0.0,1047.0,806.9,28
22,139.6,209.4,0.0,192.0,0.0,1047.0,806.9,3
23,139.6,209.4,0.0,192.0,0.0,1047.0,806.9,180
24,380.0,0.0,0.0,228.0,0.0,932.0,670.0,365
25,380.0,0.0,0.0,228.0,0.0,932.0,670.0,270
26,380.0,95.0,0.0,228.0,0.0,932.0,594.0,270
27,342.0,38.0,0.0,228.0,0.0,932.0,670.0,180
28,427.5,47.5,0.0,228.0,0.0,932.0,594.0,28
29,475.0,0.0,0.0,228.0,0.0,932.0,594.0,7
30,304.0,76.0,0.0,228.0,0.0,932.0,670.0,365
31,266.0,114.0,0.0,228.0,0.0,932.0,670.0,365
32,198.6,132.4,0.0,192.0,0.0,978.4,825.5,180
33,475.0,0.0,0.0,228.0,0.0,932.0,594.0,270
34,190.0,190.0,0.0,228.0,0.0,932.0,670.0,365
35,237.5,237.5,0.0,228.0,0.0,932.0,594.0,270
36,237.5,237.5,0.0,228.0,0.0,932.0,594.0,28
37,332.5,142.5,0.0,228.0,0.0,932.0,594.0,90
38,475.0,0.0,0.0,228.0,0.0,932.0,594.0,90
39,237.5,237.5,0.0,228.0,0.0,932.0,594.0,180
40,342.0,38.0,0.0,228.0,0.0,932.0,670.0,90
41,427.5,47.5,0.0,228.0,0.0,932.0,594.0,365
42,237.5,237.5,0.0,228.0,0.0,932.0,594.0,365
43,380.0,0.0,0.0,228.0,0.0,932.0,670.0,180
44,427.5,47.5,0.0,228.0,0.0,932.0,594.0,90
45,427.5,47.5,0.0,228.0,0.0,932.0,594.0,7
46,349.0,0.0,0.0,192.0,0.0,1047.0,806.9,3
47,380.0,95.0,0.0,228.0,0.0,932.0,594.0,180
48,237.5,237.5,0.0,228.0,0.0,932.0,594.0,7
49,380.0,95.0,0.0,228.0,0.0,932.0,594.0,7
50,332.5,142.5,0.0,228.0,0.0,932.0,594.0,180
51,190.0,190.0,0.0,228.0,0.0,932.0,670.0,180
52,237.5,237.5,0.0,228.0,0.0,932.0,594.0,90
53,304.0,76.0,0.0,228.0,0.0,932.0,670.0,90
54,139.6,209.4,0.0,192.0,0.0,1047.0,806.9,7
55,198.6,132.4,0.0,192.0,0.0,978.4,825.5,7
56,475.0,0.0,0.0,228.0,0.0,932.0,594.0,365
57,198.6,132.4,0.0,192.0,0.0,978.4,825.5,3
58,304.0,76.0,0.0,228.0,0.0,932.0,670.0,180
59,332.5,142.5,0.0,228.0,0.0,932.0,594.0,28
60,304.0,76.0,0.0,228.0,0.0,932.0,670.0,270
61,266.0,114.0,0.0,228.0,0.0,932.0,670.0,270
62,310.0,0.0,0.0,192.0,0.0,971.0,850.6,3
63,190.0,190.0,0.0,228.0,0.0,932.0,670.0,270
64,266.0,114.0,0.0,228.0,0.0,932.0,670.0,180
65,342.0,38.0,0.0,228.0,0.0,932.0,670.0,270
66,139.6,209.4,0.0,192.0,0.0,1047.0,806.9,360
67,332.5,142.5,0.0,228.0,0.0,932.0,594.0,7
68,190.0,190.0,0.0,228.0,0.0,932.0,670.0,28
69,485.0,0.0,0.0,146.0,0.0,1120.0,800.0,28
70,374.0,189.2,0.0,170.1,10.1,926.1,756.7,3
71,313.3,262.2,0.0,175.5,8.6,1046.9,611.8,3
72,425.0,106.3,0.0,153.5,16.5,852.1,887.1,3
73,425.0,106.3,0.0,151.4,18.6,936.0,803.7,3
74,375.0,93.8,0.0,126.6,23.4,852.1,992.6,3
75,475.0,118.8,0.0,181.1,8.9,852.1,781.5,3
76,469.0,117.2,0.0,137.8,32.2,852.1,840.5,3
77,425.0,106.3,0.0,153.5,16.5,852.1,887.1,3
78,388.6,97.1,0.0,157.9,12.1,852.1,925.7,3
79,531.3,0.0,0.0,141.8,28.2,852.1,893.7,3
80,425.0,106.3,0.0,153.5,16.5,852.1,887.1,3
81,318.8,212.5,0.0,155.7,14.3,852.1,880.4,3
82,401.8,94.7,0.0,147.4,11.4,946.8,852.1,3
83,362.6,189.0,0.0,164.9,11.6,944.7,755.8,3
84,323.7,282.8,0.0,183.8,10.3,942.7,659.9,3
85,379.5,151.2,0.0,153.9,15.9,1134.3,605.0,3
86,362.6,189.0,0.0,164.9,11.6,944.7,755.8,3
87,286.3,200.9,0.0,144.7,11.2,1004.6,803.7,3
88,362.6,189.0,0.0,164.9,11.6,944.7,755.8,3
89,439.0,177.0,0.0,186.0,11.1,884.9,707.9,3
90,389.9,189.0,0.0,145.9,22.0,944.7,755.8,3
91,362.6,189.0,0.0,164.9,11.6,944.7,755.8,3
92,337.9,189.0,0.0,174.9,9.5,944.7,755.8,3
93,374.0,189.2,0.0,170.1,10.1,926.1,756.7,7
94,313.3,262.2,0.0,175.5,8.6,1046.9,611.8,7
95,425.0,106.3,0.0,153.5,16.5,852.1,887.1,7
96,425.0,106.3,0.0,151.4,18.6,936.0,803.7,7
97,375.0,93.8,0.0,126.6,23.4,852.1,992.6,7
98,475.0,118.8,0.0,181.1,8.9,852.1,781.5,7
99,469.0,117.2,0.0,137.8,32.2,852.1,840.5,7
100,425.0,106.3,0.0,153.5,16.5,852.1,887.1,7
101,388.6,97.1,0.0,157.9,12.1,852.1,925.7,7
102,531.3,0.0,0.0,141.8,28.2,852.1,893.7,7
103,425.0,106.3,0.0,153.5,16.5,852.1,887.1,7
104,318.8,212.5,0.0,155.7,14.3,852.1,880.4,7
105,401.8,94.7,0.0,147.4,11.4,946.8,852.1,7
106,362.6,189.0,0.0,164.9,11.6,944.7,755.8,7
107,323.7,282.8,0.0,183.8,10.3,942.7,659.9,7
108,379.5,151.2,0.0,153.9,15.9,1134.3,605.0,7
109,362.6,189.0,0.0,164.9,11.6,944.7,755.8,7
110,286.3,200.9,0.0,144.7,11.2,1004.6,803.7,7
111,362.6,189.0,0.0,164.9,11.6,944.7,755.8,7
112,439.0,177.0,0.0,186.0,11.1,884.9,707.9,7
113,389.9,189.0,0.0,145.9,22.0,944.7,755.8,7
114,362.6,189.0,0.0,164.9,11.6,944.7,755.8,7
115,337.9,189.0,0.0,174.9,9.5,944.7,755.8,7
116,374.0,189.2,0.0,170.1,10.1,926.1,756.7,28
117,313.3,262.2,0.0,175.5,8.6,1046.9,611.8,28
118,425.0,106.3,0.0,153.5,16.5,852.1,887.1,28
119,425.0,106.3,0.0,151.4,18.6,936.0,803.7,28
120,375.0,93.8,0.0,126.6,23.4,852.1,992.6,28
121,475.0,118.8,0.0,181.1,8.9,852.1,781.5,28
122,469.0,117.2,0.0,137.8,32.2,852.1,840.5,28
123,425.0,106.3,0.0,153.5,16.5,852.1,887.1,28
124,388.6,97.1,0.0,157.9,12.1,852.1,925.7,28
125,531.3,0.0,0.0,141.8,28.2,852.1,893.7,28
126,425.0,106.3,0.0,153.5,16.5,852.1,887.1,28
127,318.8,212.5,0.0,155.7,14.3,852.1,880.4,28
128,401.8,94.7,0.0,147.4,11.4,946.8,852.1,28
129,362.6,189.0,0.0,164.9,11.6,944.7,755.8,28
130,323.7,282.8,0.0,183.8,10.3,942.7,659.9,28
131,379.5,151.2,0.0,153.9,15.9,1134.3,605.0,28
132,362.6,189.0,0.0,164.9,11.6,944.7,755.8,28
133,286.3,200.9,0.0,144.7,11.2,1004.6,803.7,28
134,362.6,189.0,0.0,164.9,11.6,944.7,755.8,28
135,439.0,177.0,0.0,186.0,11.1,884.9,707.9,28
136,389.9,189.0,0.0,145.9,22.0,944.7,755.8,28
137,362.6,189.0,0.0,164.9,11.6,944.7,755.8,28
138,337.9,189.0,0.0,174.9,9.5,944.7,755.8,28
139,374.0,189.2,0.0,170.1,10.1,926.1,756.7,56
140,313.3,262.2,0.0,175.5,8.6,1046.9,611.8,56
141,425.0,106.3,0.0,153.5,16.5,852.1,887.1,56
142,425.0,106.3,0.0,151.4,18.6,936.0,803.7,56
143,375.0,93.8,0.0,126.6,23.4,852.1,992.6,56
144,475.0,118.8,0.0,181.1,8.9,852.1,781.5,56
145,469.0,117.2,0.0,137.8,32.2,852.1,840.5,56
146,425.0,106.3,0.0,153.5,16.5,852.1,887.1,56
147,388.6,97.1,0.0,157.9,12.1,852.1,925.7,56
148,531.3,0.0,0.0,141.8,28.2,852.1,893.7,56
149,425.0,106.3,0.0,153.5,16.5,852.1,887.1,56
150,318.8,212.5,0.0,155.7,14.3,852.1,880.4,56
151,401.8,94.7,0.0,147.4,11.4,946.8,852.1,56
152,362.6,189.0,0.0,164.9,11.6,944.7,755.8,56
153,323.7,282.8,0.0,183.8,10.3,942.7,659.9,56
154,379.5,151.2,0.0,153.9,15.9,1134.3,605.0,56
155,362.6,189.0,0.0,164.9,11.6,944.7,755.8,56
156,286.3,200.9,0.0,144.7,11.2,1004.6,803.7,56
157,362.6,189.0,0.0,164.9,11.6,944.7,755.8,56
158,439.0,177.0,0.0,186.0,11.1,884.9,707.9,56
159,389.9,189.0,0.0,145.9,22.0,944.7,755.8,56
160,362.6,189.0,0.0,164.9,11.6,944.7,755.8,56
161,337.9,189.0,0.0,174.9,9.5,944.7,755.8,56
162,374.0,189.2,0.0,170.1,10.1,926.1,756.7,91
163,313.3,262.2,0.0,175.5,8.6,1046.9,611.8,91
164,425.0,106.3,0.0,153.5,16.5,852.1,887.1,91
165,425.0,106.3,0.0,151.4,18.6,936.0,803.7,91
166,375.0,93.8,0.0,126.6,23.4,852.1,992.6,91
167,475.0,118.8,0.0,181.1,8.9,852.1,781.5,91
168,469.0,117.2,0.0,137.8,32.2,852.1,840.5,91
169,425.0,106.3,0.0,153.5,16.5,852.1,887.1,91
170,388.6,97.1,0.0,157.9,12.1,852.1,925.7,91
171,531.3,0.0,0.0,141.8,28.2,852.1,893.7,91
172,425.0,106.3,0.0,153.5,16.5,852.1,887.1,91
173,318.8,212.5,0.0,155.7,14.3,852.1,880.4,91
174,401.8,94.7,0.0,147.4,11.4,946.8,852.1,91
175,362.6,189.0,0.0,164.9,11.6,944.7,755.8,91
176,379.5,151.2,0.0,153.9,15.9,1134.3,605.0,91
177,362.6,189.0,0.0,164.9,11.6,944.7,755.8,91
178,286.3,200.9,0.0,144.7,11.2,1004.6,803.7,91
179,362.6,189.0,0.0,164.9,11.6,944.7,755.8,91
180,439.0,177.0,0.0,186.0,11.1,884.9,707.9,91
181,389.9,189.0,0.0,145.9,22.0,944.7,755.8,91
182,362.6,189.0,0.0,164.9,11.6,944.7,755.8,91
183,337.9,189.0,0.0,174.9,9.5,944.7,755.8,91
184,222.36,0.0,96.67,189.29,4.46,967.08,870.32,3
185,222.36,0.0,96.67,189.29,4.46,967.08,870.32,14
186,222.36,0.0,96.67,189.29,4.46,967.08,870.32,28
187,222.36,0.0,96.67,189.29,4.46,967.08,870.32,56
188,222.36,0.0,96.67,189.29,4.46,967.08,870.32,100
189,233.81,0.0,94.58,197.89,4.567,947.04,852.16,3
190,233.81,0.0,94.58,197.89,4.567,947.04,852.16,14
191,233.81,0.0,94.58,197.89,4.567,947.04,852.16,28
192,233.81,0.0,94.58,197.89,4.567,947.04,852.16,56
193,233.81,0.0,94.58,197.89,4.567,947.04,852.16,100
194,194.68,0.0,100.52,165.62,7.48,1006.4,905.9,3
195,194.68,0.0,100.52,165.62,7.48,1006.4,905.9,14
196,194.68,0.0,100.52,165.62,7.48,1006.4,905.9,28
197,194.68,0.0,100.52,165.62,7.48,1006.4,905.9,56
198,194.68,0.0,100.52,165.62,7.48,1006.4,905.9,100
199,190.68,0.0,125.4,162.14,7.77,1090.0,804.01,3
200,190.68,0.0,125.4,162.14,7.77,1090.0,804.01,14
201,190.68,0.0,125.4,162.14,7.77,1090.0,804.01,28
202,190.68,0.0,125.4,162.14,7.77,1090.0,804.01,56
203,190.68,0.0,125.4,162.14,7.77,1090.0,804.01,100
204,212.07,0.0,121.62,180.31,5.69,1057.6,779.32,3
205,212.07,0.0,121.62,180.31,5.69,1057.6,779.32,14
206,212.07,0.0,121.62,180.31,5.69,1057.6,779.32,28
207,212.07,0.0,121.62,180.31,5.69,1057.6,779.32,56
208,212.07,0.0,121.62,180.31,5.69,1057.6,779.32,100
209,229.97,0.0,118.31,195.47,4.63,1029.4,758.59,3
210,229.97,0.0,118.31,195.47,4.63,1029.4,758.59,14
211,229.97,0.0,118.31,195.47,4.63,1029.4,758.59,28
212,229.97,0.0,118.31,195.47,4.63,1029.4,758.59,56
213,229.97,0.0,118.31,195.47,4.63,1029.4,758.59,100
214,190.34,0.0,125.18,161.85,9.88,1088.1,802.59,3
215,190.34,0.0,125.18,161.85,9.88,1088.1,802.59,14
216,190.34,0.0,125.18,161.85,9.88,1088.1,802.59,28
217,190.34,0.0,125.18,161.85,9.88,1088.1,802.59,56
218,190.34,0.0,125.18,161.85,9.88,1088.1,802.59,100
219,166.09,0.0,163.27,176.46,4.49,1058.6,780.09,3
220,166.09,0.0,163.27,176.46,4.49,1058.6,780.09,14
221,166.09,0.0,163.27,176.46,4.49,1058.6,780.09,28
222,166.09,0.0,163.27,176.46,4.49,1058.6,780.09,56
223,166.09,0.0,163.27,176.46,4.49,1058.6,780.09,100
224,167.95,42.08,163.83,121.75,5.72,1058.7,780.11,3
225,167.95,42.08,163.83,121.75,5.72,1058.7,780.11,14
226,167.95,42.08,163.83,121.75,5.72,1058.7,780.11,28
227,167.95,42.08,163.83,121.75,5.72,1058.7,780.11,56
228,167.95,42.08,163.83,121.75,5.72,1058.7,780.11,100
229,213.72,98.05,24.51,181.71,6.86,1065.8,785.38,3
230,213.72,98.05,24.51,181.71,6.86,1065.8,785.38,14
231,213.72,98.05,24.51,181.71,6.86,1065.8,785.38,28
232,213.72,98.05,24.51,181.71,6.86,1065.8,785.38,56
233,213.72,98.05,24.51,181.71,6.86,1065.8,785.38,100
234,213.76,98.06,24.52,181.74,6.65,1066.0,785.52,3
235,213.76,98.06,24.52,181.74,6.65,1066.0,785.52,14
236,213.76,98.06,24.52,181.74,6.65,1066.0,785.52,28
237,213.76,98.06,24.52,181.74,6.65,1066.0,785.52,56
238,213.76,98.06,24.52,181.74,6.65,1066.0,785.52,100
239,229.68,0.0,118.16,195.23,6.13,1028.1,757.63,3
240,229.68,0.0,118.16,195.23,6.13,1028.1,757.63,14
241,229.68,0.0,118.16,195.23,6.13,1028.1,757.63,28
242,229.68,0.0,118.16,195.23,6.13,1028.1,757.63,56
243,229.68,0.0,118.16,195.23,6.13,1028.1,757.63,100
244,238.05,0.0,94.11,186.66,7.0,949.91,847.01,3
245,238.05,0.0,94.11,186.66,7.0,949.91,847.01,14
246,238.05,0.0,94.11,186.66,7.0,949.91,847.01,28
247,238.05,0.0,94.11,186.66,7.0,949.91,847.01,56
248,238.05,0.0,94.11,186.66,7.0,949.91,847.01,100
249,250.0,0.0,95.69,187.42,5.53,956.86,861.17,3
250,250.0,0.0,95.69,187.42,5.53,956.86,861.17,14
251,250.0,0.0,95.69,187.42,5.53,956.86,861.17,28
252,250.0,0.0,95.69,187.42,5.53,956.86,861.17,56
253,250.0,0.0,95.69,187.42,5.53,956.86,861.17,100
254,212.52,0.0,100.37,159.32,8.71,1007.8,903.59,3
255,212.52,0.0,100.37,159.32,8.71,1007.8,903.59,14
256,212.52,0.0,100.37,159.32,8.71,1007.8,903.59,28
257,212.52,0.0,100.37,159.32,8.71,1007.8,903.59,56
258,212.52,0.0,100.37,159.32,8.71,1007.8,903.59,100
259,212.57,0.0,100.39,159.35,10.37,1003.8,903.79,3
260,212.57,0.0,100.39,159.35,10.37,1003.8,903.79,14
261,212.57,0.0,100.39,159.35,10.37,1003.8,903.79,28
262,212.57,0.0,100.39,159.35,10.37,1003.8,903.79,56
263,212.57,0.0,100.39,159.35,10.37,1003.8,903.79,100
264,212.0,0.0,124.78,159.0,7.84,1085.4,799.54,3
265,212.0,0.0,124.78,159.0,7.84,1085.4,799.54,14
266,212.0,0.0,124.78,159.0,7.84,1085.4,799.54,28
267,212.0,0.0,124.78,159.0,7.84,1085.4,799.54,56
268,212.0,0.0,124.78,159.0,7.84,1085.4,799.54,100
269,231.75,0.0,121.62,173.96,6.72,1056.4,778.45,3
270,231.75,0.0,121.62,173.96,6.72,1056.4,778.45,14
271,231.75,0.0,121.62,173.96,6.72,1056.4,778.45,28
272,231.75,0.0,121.62,173.96,6.72,1056.4,778.45,56
273,231.75,0.0,121.62,173.96,6.72,1056.4,778.45,100
274,251.37,0.0,118.27,188.45,5.75,1028.4,757.73,3
275,251.37,0.0,118.27,188.45,5.75,1028.4,757.73,14
276,251.37,0.0,118.27,188.45,5.75,1028.4,757.73,28
277,251.37,0.0,118.27,188.45,5.75,1028.4,757.73,56
278,251.37,0.0,118.27,188.45,5.75,1028.4,757.73,100
279,251.37,0.0,118.27,188.45,6.35,1028.4,757.73,3
280,251.37,0.0,118.27,188.45,6.35,1028.4,757.73,14
281,251.37,0.0,118.27,188.45,6.35,1028.4,757.73,28
282,251.37,0.0,118.27,188.45,6.35,1028.4,757.73,56
283,251.37,0.0,118.27,188.45,6.35,1028.4,757.73,100
284,181.38,0.0,167.01,169.59,7.56,1055.6,777.8,3
285,181.38,0.0,167.01,169.59,7.56,1055.6,777.8,14
286,181.38,0.0,167.01,169.59,7.56,1055.6,777.8,28
287,181.38,0.0,167.01,169.59,7.56,1055.6,777.8,56
288,181.38,0.0,167.01,169.59,7.56,1055.6,777.8,100
289,182.04,45.21,121.97,170.21,8.19,1059.4,780.65,3
290,182.04,45.21,121.97,170.21,8.19,1059.4,780.65,14
291,182.04,45.21,121.97,170.21,8.19,1059.4,780.65,28
292,182.04,45.21,121.97,170.21,8.19,1059.4,780.65,56
293,182.04,45.21,121.97,170.21,8.19,1059.4,780.65,100
294,168.88,42.22,124.25,158.33,10.83,1080.8,796.15,3
295,168.88,42.22,124.25,158.33,10.83,1080.8,796.15,14
296,168.88,42.22,124.25,158.33,10.83,1080.8,796.15,28
297,168.88,42.22,124.25,158.33,10.83,1080.8,796.15,56
298,168.88,42.22,124.25,158.33,10.83,1080.8,796.15,100
299,290.35,0.0,96.18,168.08,9.41,961.18,865.0,3
300,290.35,0.0,96.18,168.08,9.41,961.18,865.0,14
301,290.35,0.0,96.18,168.08,9.41,961.18,865.0,28
302,290.35,0.0,96.18,168.08,9.41,961.18,865.0,56
303,290.35,0.0,96.18,168.08,9.41,961.18,865.0,100
304,277.05,0.0,97.39,160.6,11.83,973.9,875.61,3
305,277.05,0.0,97.39,160.6,11.83,973.9,875.61,14
306,277.05,0.0,97.39,160.6,11.83,973.9,875.61,28
307,277.05,0.0,97.39,160.6,11.83,973.9,875.61,56
308,277.05,0.0,97.39,160.6,11.83,973.9,875.61,100
309,295.71,0.0,95.64,171.54,8.87,955.14,859.2,3
310,295.71,0.0,95.64,171.54,8.87,955.14,859.2,14
311,295.71,0.0,95.64,171.54,8.87,955.14,859.2,28
312,295.71,0.0,95.64,171.54,8.87,955.14,859.2,56
313,295.71,0.0,95.64,171.54,8.87,955.14,859.2,100
314,251.81,0.0,99.94,146.14,12.35,1006.0,899.76,3
315,251.81,0.0,99.94,146.14,12.35,1006.0,899.76,14
316,251.81,0.0,99.94,146.14,12.35,1006.0,899.76,28
317,251.81,0.0,99.94,146.14,12.35,1006.0,899.76,56
318,251.81,0.0,99.94,146.14,12.35,1006.0,899.76,100
319,249.1,0.0,98.75,158.11,12.8,987.76,889.01,3
320,249.1,0.0,98.75,158.11,12.8,987.76,889.01,14
321,249.1,0.0,98.75,158.11,12.8,987.76,889.01,28
322,249.1,0.0,98.75,158.11,12.8,987.76,889.01,56
323,249.1,0.0,98.75,158.11,12.8,987.76,889.01,100
324,252.31,0.0,98.75,146.25,14.17,987.76,889.01,3
325,252.31,0.0,98.75,146.25,14.17,987.76,889.01,14
326,252.31,0.0,98.75,146.25,14.17,987.76,889.01,28
327,252.31,0.0,98.75,146.25,14.17,987.76,889.01,56
328,252.31,0.0,98.75,146.25,14.17,987.76,889.01,100
329,246.83,0.0,125.08,143.3,11.99,1086.8,800.89,3
330,246.83,0.0,125.08,143.3,11.99,1086.8,800.89,14
331,246.83,0.0,125.08,143.3,11.99,1086.8,800.89,28
332,246.83,0.0,125.08,143.3,11.99,1086.8,800.89,56
333,246.83,0.0,125.08,143.3,11.99,1086.8,800.89,100
334,275.07,0.0,121.35,159.48,9.9,1053.6,777.5,3
335,275.07,0.0,121.35,159.48,9.9,1053.6,777.5,14
336,275.07,0.0,121.35,159.48,9.9,1053.6,777.5,28
337,275.07,0.0,121.35,159.48,9.9,1053.6,777.5,56
338,275.07,0.0,121.35,159.48,9.9,1053.6,777.5,100
339,297.16,0.0,117.54,174.8,9.52,1022.8,753.45,3
340,297.16,0.0,117.54,174.8,9.52,1022.8,753.45,14
341,297.16,0.0,117.54,174.8,9.52,1022.8,753.45,28
342,297.16,0.0,117.54,174.8,9.52,1022.8,753.45,56
343,297.16,0.0,117.54,174.8,9.52,1022.8,753.45,100
344,213.74,0.0,174.74,154.79,10.16,1053.5,776.35,3
345,213.74,0.0,174.74,154.79,10.16,1053.5,776.35,14
346,213.74,0.0,174.74,154.79,10.16,1053.5,776.35,28
347,213.74,0.0,174.74,154.79,10.16,1053.5,776.35,56
348,213.74,0.0,174.74,154.79,10.16,1053.5,776.35,100
349,213.5,0.0,174.24,154.61,11.66,1052.3,775.48,3
350,213.5,0.0,174.24,154.61,11.66,1052.3,775.48,14
351,213.5,0.0,174.24,154.61,11.66,1052.3,775.48,28
352,213.5,0.0,174.24,154.61,11.66,1052.3,775.48,56
353,213.5,0.0,174.24,154.61,11.66,1052.3,775.48,100
354,277.19,97.82,24.46,160.7,11.19,1061.7,782.46,3
355,277.19,97.82,24.46,160.7,11.19,1061.7,782.46,14
356,277.19,97.82,24.46,160.7,11.19,1061.7,782.46,28
357,277.19,97.82,24.46,160.7,11.19,1061.7,782.46,56
358,277.19,97.82,24.46,160.7,11.19,1061.7,782.46,100
359,218.23,54.64,123.78,140.75,11.91,1075.7,792.67,3
360,218.23,54.64,123.78,140.75,11.91,1075.7,792.67,14
361,218.23,54.64,123.78,140.75,11.91,1075.7,792.67,28
362,218.23,54.64,123.78,140.75,11.91,1075.7,792.67,56
363,218.23,54.64,123.78,140.75,11.91,1075.7,792.67,100
364,214.9,53.8,121.89,155.63,9.61,1014.3,780.58,3
365,214.9,53.8,121.89,155.63,9.61,1014.3,780.58,14
366,214.9,53.8,121.89,155.63,9.61,1014.3,780.58,28
367,214.9,53.8,121.89,155.63,9.61,1014.3,780.58,56
368,214.9,53.8,121.89,155.63,9.61,1014.3,780.58,100
369,218.85,0.0,124.13,158.49,11.33,1078.7,794.91,3
370,218.85,0.0,124.13,158.49,11.33,1078.7,794.91,14
371,218.85,0.0,124.13,158.49,11.33,1078.7,794.91,28
372,218.85,0.0,124.13,158.49,11.33,1078.7,794.91,56
373,218.85,0.0,124.13,158.49,11.33,1078.7,794.91,100
374,376.0,0.0,0.0,214.6,0.0,1003.5,762.36,3
375,376.0,0.0,0.0,214.6,0.0,1003.5,762.36,14
376,376.0,0.0,0.0,214.6,0.0,1003.5,762.36,28
377,376.0,0.0,0.0,214.6,0.0,1003.5,762.36,56
378,376.0,0.0,0.0,214.6,0.0,1003.5,762.36,100
379,500.0,0.0,0.0,140.0,4.0,966.0,853.0,28
380,475.0,0.0,59.0,142.0,1.9,1098.0,641.0,28
381,315.0,137.0,0.0,145.0,5.9,1130.0,745.0,28
382,505.0,0.0,60.0,195.0,0.0,1030.0,630.0,28
383,451.0,0.0,0.0,165.0,11.25,1030.0,745.0,28
384,516.0,0.0,0.0,162.0,8.2,801.0,802.0,28
385,520.0,0.0,0.0,170.0,5.2,855.0,855.0,28
386,528.0,0.0,0.0,185.0,6.86,920.0,720.0,28
387,520.0,0.0,0.0,175.0,5.2,870.0,805.0,28
388,385.0,0.0,136.0,158.0,20.0,903.0,768.0,28
389,500.1,0.0,0.0,200.0,3.0,1124.4,613.2,28
390,450.1,50.0,0.0,200.0,3.0,1124.4,613.2,28
391,397.0,17.2,158.0,167.0,20.8,967.0,633.0,28
392,333.0,17.5,163.0,167.0,17.9,996.0,652.0,28
393,334.0,17.6,158.0,189.0,15.3,967.0,633.0,28
394,405.0,0.0,0.0,175.0,0.0,1120.0,695.0,28
395,200.0,200.0,0.0,190.0,0.0,1145.0,660.0,28
396,516.0,0.0,0.0,162.0,8.26,801.0,802.0,28
397,145.0,116.0,119.0,184.0,5.7,833.0,880.0,28
398,160.0,128.0,122.0,182.0,6.4,824.0,879.0,28
399,234.0,156.0,0.0,189.0,5.85,981.0,760.0,28
400,250.0,180.0,95.0,159.0,9.45,860.0,800.0,28
401,475.0,0.0,0.0,162.0,9.5,1044.0,662.0,28
402,285.0,190.0,0.0,163.0,7.6,1031.0,685.0,28
403,356.0,119.0,0.0,160.0,9.03,1061.0,657.0,28
404,275.0,180.0,120.0,162.0,10.35,830.0,765.0,28
405,500.0,0.0,0.0,151.0,9.0,1033.0,655.0,28
406,165.0,0.02,143.57,163.81,0.0,1005.6,900.9,3
407,165.0,128.5,132.1,175.06,8.08,1005.8,746.6,3
408,178.03,129.8,118.6,179.94,3.57,1007.3,746.8,3
409,167.35,129.9,128.62,175.46,7.79,1006.3,746.6,3
410,172.38,13.61,172.37,156.76,4.14,1006.3,856.4,3
411,173.54,50.05,173.53,164.77,6.47,1006.2,793.5,3
412,167.0,75.4,167.0,164.03,7.91,1007.3,770.1,3
413,173.81,93.37,159.9,172.34,9.73,1007.2,746.6,3
414,190.34,0.0,125.18,166.61,9.88,1079.0,798.9,3
415,250.0,0.0,95.69,191.84,5.33,948.9,857.2,3
416,213.5,0.0,174.24,159.21,11.66,1043.6,771.9,3
417,194.68,0.0,100.52,170.17,7.48,998.0,901.8,3
418,251.37,0.0,118.27,192.94,5.75,1043.6,754.3,3
419,165.0,0.02,143.57,163.81,0.0,1005.6,900.9,14
420,165.0,128.5,132.1,175.06,8.08,1005.8,746.6,14
421,178.03,129.8,118.6,179.94,3.57,1007.3,746.8,14
422,167.35,129.9,128.62,175.46,7.79,1006.3,746.6,14
423,172.38,13.61,172.37,156.76,4.14,1006.3,856.4,14
424,173.54,50.05,173.53,164.77,6.47,1006.2,793.5,14
425,167.0,75.4,167.0,164.03,7.91,1007.3,770.1,14
426,173.81,93.37,159.9,172.34,9.73,1007.2,746.6,14
427,190.34,0.0,125.18,166.61,9.88,1079.0,798.9,14
428,250.0,0.0,95.69,191.84,5.33,948.9,857.2,14
429,213.5,0.0,174.24,159.21,11.66,1043.6,771.9,14
430,194.68,0.0,100.52,170.17,7.48,998.0,901.8,14
431,251.37,0.0,118.27,192.94,5.75,1043.6,754.3,14
432,165.0,0.02,143.57,163.81,0.0,1005.6,900.9,28
433,165.0,128.5,132.1,175.06,8.08,1005.8,746.6,28
434,178.03,129.8,118.6,179.94,3.57,1007.3,746.8,28
435,167.35,129.9,128.62,175.46,7.79,1006.3,746.6,28
436,172.38,13.61,172.37,156.76,4.14,1006.3,856.4,28
437,173.54,50.05,173.53,164.77,6.47,1006.2,793.5,28
438,167.0,75.4,167.0,164.03,7.91,1007.3,770.1,28
439,173.81,93.37,159.9,172.34,9.73,1007.2,746.6,28
440,190.34,0.0,125.18,166.61,9.88,1079.0,798.9,28
441,250.0,0.0,95.69,191.84,5.33,948.9,857.2,28
442,213.5,0.0,174.24,159.21,11.66,1043.6,771.9,28
443,194.68,0.0,100.52,170.17,7.48,998.0,901.8,28
444,251.37,0.0,118.27,192.94,5.75,1043.6,754.3,28
445,165.0,0.02,143.57,163.81,0.0,1005.6,900.9,56
446,165.0,128.5,132.1,175.06,8.08,1005.8,746.6,56
447,178.03,129.8,118.6,179.94,3.57,1007.3,746.8,56
448,167.35,129.9,128.62,175.46,7.79,1006.3,746.6,56
449,172.38,13.61,172.37,156.76,4.14,1006.3,856.4,56
450,173.54,50.05,173.53,164.77,6.47,1006.2,793.5,56
451,167.0,75.4,167.0,164.03,7.91,1007.3,770.1,56
452,173.81,93.37,159.9,172.34,9.73,1007.2,746.6,56
453,190.34,0.0,125.18,166.61,9.88,1079.0,798.9,56
454,250.0,0.0,95.69,191.84,5.33,948.9,857.2,56
455,213.5,0.0,174.24,159.21,11.66,1043.6,771.9,56
456,194.68,0.0,100.52,170.17,7.48,998.0,901.8,56
457,251.37,0.0,118.27,192.94,5.75,1043.6,754.3,56
458,165.0,0.02,143.57,163.81,0.0,1005.6,900.9,100
459,165.0,128.5,132.1,175.06,8.08,1005.8,746.6,100
460,178.03,129.8,118.6,179.94,3.57,1007.3,746.8,100
461,167.35,129.9,128.62,175.46,7.79,1006.3,746.6,100
462,172.38,13.61,172.37,156.76,4.14,1006.3,856.4,100
463,173.54,50.05,173.53,164.77,6.47,1006.2,793.5,100
464,167.0,75.4,167.0,164.03,7.91,1007.3,770.1,100
465,173.81,93.37,159.9,172.34,9.73,1007.2,746.6,100
466,190.34,0.0,125.18,166.61,9.88,1079.0,798.9,100
467,250.0,0.0,95.69,191.84,5.33,948.9,857.2,100
468,213.5,0.0,174.24,159.21,11.66,1043.6,771.9,100
469,194.68,0.0,100.52,170.17,7.48,998.0,901.8,100
470,251.37,0.0,118.27,192.94,5.75,1043.6,754.3,100
471,446.0,24.0,79.0,162.0,11.61,967.0,712.0,28
472,446.0,24.0,79.0,162.0,11.64,967.0,712.0,28
473,446.0,24.0,79.0,162.0,11.64,967.0,712.0,28
474,446.0,24.0,79.0,162.0,10.3,967.0,712.0,28
475,446.0,24.0,79.0,162.0,11.61,967.0,712.0,3
476,446.0,24.0,79.0,162.0,11.64,967.0,712.0,3
477,446.0,24.0,79.0,162.0,11.64,967.0,712.0,3
478,446.0,24.0,79.0,162.0,11.61,967.0,712.0,7
479,446.0,24.0,79.0,162.0,11.64,967.0,712.0,7
480,446.0,24.0,79.0,162.0,11.64,967.0,712.0,7
481,446.0,24.0,79.0,162.0,11.61,967.0,712.0,56
482,446.0,24.0,79.0,162.0,11.64,967.0,712.0,56
483,446.0,24.0,79.0,162.0,11.64,967.0,712.0,56
484,446.0,24.0,79.0,162.0,10.3,967.0,712.0,56
485,387.0,20.0,94.0,157.0,14.32,938.0,845.0,28
486,387.0,20.0,94.0,157.0,13.93,938.0,845.0,28
487,387.0,20.0,94.0,157.0,11.61,938.0,845.0,28
488,387.0,20.0,94.0,157.0,14.32,938.0,845.0,3
489,387.0,20.0,94.0,157.0,13.93,938.0,845.0,3
490,387.0,20.0,94.0,157.0,11.61,938.0,845.0,3
491,387.0,20.0,94.0,157.0,14.32,938.0,845.0,7
492,387.0,20.0,94.0,157.0,13.93,938.0,845.0,7
493,387.0,20.0,94.0,157.0,11.61,938.0,845.0,7
494,387.0,20.0,94.0,157.0,14.32,938.0,845.0,56
495,387.0,20.0,94.0,157.0,13.93,938.0,845.0,56
496,387.0,20.0,94.0,157.0,11.61,938.0,845.0,56
497,355.0,19.0,97.0,145.0,13.13,967.0,871.0,28
498,355.0,19.0,97.0,145.0,12.25,967.0,871.0,28
499,491.0,26.0,123.0,210.0,3.93,882.0,699.0,28
500,491.0,26.0,123.0,201.0,3.93,822.0,699.0,28
501,491.0,26.0,123.0,210.0,3.93,882.0,699.0,3
502,491.0,26.0,123.0,210.0,3.93,882.0,699.0,7
503,491.0,26.0,123.0,210.0,3.93,882.0,699.0,56
504,491.0,26.0,123.0,201.0,3.93,822.0,699.0,3
505,491.0,26.0,123.0,201.0,3.93,822.0,699.0,7
506,491.0,26.0,123.0,201.0,3.93,822.0,699.0,56
507,424.0,22.0,132.0,178.0,8.48,822.0,750.0,28
508,424.0,22.0,132.0,178.0,8.48,882.0,750.0,3
509,424.0,22.0,132.0,168.0,8.92,822.0,750.0,28
510,424.0,22.0,132.0,178.0,8.48,822.0,750.0,7
511,424.0,22.0,132.0,178.0,8.48,822.0,750.0,56
512,424.0,22.0,132.0,168.0,8.92,822.0,750.0,3
513,424.0,22.0,132.0,168.0,8.92,822.0,750.0,7
514,424.0,22.0,132.0,168.0,8.92,822.0,750.0,56
515,202.0,11.0,141.0,206.0,1.72,942.0,801.0,28
516,202.0,11.0,141.0,206.0,1.72,942.0,801.0,3
517,202.0,11.0,141.0,206.0,1.72,942.0,801.0,7
518,202.0,11.0,141.0,206.0,1.72,942.0,801.0,56
519,284.0,15.0,141.0,179.0,5.46,842.0,801.0,28
520,284.0,15.0,141.0,179.0,5.46,842.0,801.0,3
521,284.0,15.0,141.0,179.0,5.46,842.0,801.0,7
522,284.0,15.0,141.0,179.0,5.46,842.0,801.0,56
523,359.0,19.0,141.0,154.0,10.91,942.0,801.0,28
524,359.0,19.0,141.0,154.0,10.91,942.0,801.0,28
525,359.0,19.0,141.0,154.0,10.91,942.0,801.0,3
526,359.0,19.0,141.0,154.0,10.91,942.0,801.0,3
527,359.0,19.0,141.0,154.0,10.91,942.0,801.0,7
528,359.0,19.0,141.0,154.0,10.91,942.0,801.0,7
529,359.0,19.0,141.0,154.0,10.91,942.0,801.0,56
530,359.0,19.0,141.0,154.0,10.91,942.0,801.0,56
531,436.0,0.0,0.0,218.0,0.0,838.4,719.7,28
532,289.0,0.0,0.0,192.0,0.0,913.2,895.3,90
533,289.0,0.0,0.0,192.0,0.0,913.2,895.3,3
534,393.0,0.0,0.0,192.0,0.0,940.6,785.6,3
535,393.0,0.0,0.0,192.0,0.0,940.6,785.6,90
536,393.0,0.0,0.0,192.0,0.0,940.6,785.6,28
537,480.0,0.0,0.0,192.0,0.0,936.2,712.2,28
538,480.0,0.0,0.0,192.0,0.0,936.2,712.2,7
539,480.0,0.0,0.0,192.0,0.0,936.2,712.2,90
540,480.0,0.0,0.0,192.0,0.0,936.2,712.2,3
541,333.0,0.0,0.0,192.0,0.0,931.2,842.6,3
542,255.0,0.0,0.0,192.0,0.0,889.8,945.0,90
543,255.0,0.0,0.0,192.0,0.0,889.8,945.0,7
544,289.0,0.0,0.0,192.0,0.0,913.2,895.3,7
545,255.0,0.0,0.0,192.0,0.0,889.8,945.0,28
546,333.0,0.0,0.0,192.0,0.0,931.2,842.6,28
547,333.0,0.0,0.0,192.0,0.0,931.2,842.6,7
548,289.0,0.0,0.0,192.0,0.0,913.2,895.3,28
549,333.0,0.0,0.0,192.0,0.0,931.2,842.6,90
550,393.0,0.0,0.0,192.0,0.0,940.6,785.6,7
551,255.0,0.0,0.0,192.0,0.0,889.8,945.0,3
552,158.8,238.2,0.0,185.7,0.0,1040.6,734.3,7
553,239.6,359.4,0.0,185.7,0.0,941.6,664.3,7
554,238.2,158.8,0.0,185.7,0.0,1040.6,734.3,7
555,181.9,272.8,0.0,185.7,0.0,1012.4,714.3,28
556,193.5,290.2,0.0,185.7,0.0,998.2,704.3,28
557,255.5,170.3,0.0,185.7,0.0,1026.6,724.3,7
558,272.8,181.9,0.0,185.7,0.0,1012.4,714.3,7
559,239.6,359.4,0.0,185.7,0.0,941.6,664.3,28
560,220.8,147.2,0.0,185.7,0.0,1055.0,744.3,28
561,397.0,0.0,0.0,185.7,0.0,1040.6,734.3,28
562,382.5,0.0,0.0,185.7,0.0,1047.8,739.3,7
563,210.7,316.1,0.0,185.7,0.0,977.0,689.3,7
564,158.8,238.2,0.0,185.7,0.0,1040.6,734.3,28
565,295.8,0.0,0.0,185.7,0.0,1091.4,769.3,7
566,255.5,170.3,0.0,185.7,0.0,1026.6,724.3,28
567,203.5,135.7,0.0,185.7,0.0,1076.2,759.3,7
568,397.0,0.0,0.0,185.7,0.0,1040.6,734.3,7
569,381.4,0.0,0.0,185.7,0.0,1104.6,784.3,28
570,295.8,0.0,0.0,185.7,0.0,1091.4,769.3,28
571,228.0,342.1,0.0,185.7,0.0,955.8,674.3,28
572,220.8,147.2,0.0,185.7,0.0,1055.0,744.3,7
573,316.1,210.7,0.0,185.7,0.0,977.0,689.3,28
574,135.7,203.5,0.0,185.7,0.0,1076.2,759.3,7
575,238.1,0.0,0.0,185.7,0.0,1118.8,789.3,28
576,339.2,0.0,0.0,185.7,0.0,1069.2,754.3,7
577,135.7,203.5,0.0,185.7,0.0,1076.2,759.3,28
578,193.5,290.2,0.0,185.7,0.0,998.2,704.3,7
579,203.5,135.7,0.0,185.7,0.0,1076.2,759.3,28
580,290.2,193.5,0.0,185.7,0.0,998.2,704.3,7
581,181.9,272.8,0.0,185.7,0.0,1012.4,714.3,7
582,170.3,155.5,0.0,185.7,0.0,1026.6,724.3,28
583,210.7,316.1,0.0,185.7,0.0,977.0,689.3,28
584,228.0,342.1,0.0,185.7,0.0,955.8,674.3,7
585,290.2,193.5,0.0,185.7,0.0,998.2,704.3,28
586,381.4,0.0,0.0,185.7,0.0,1104.6,784.3,7
587,238.2,158.8,0.0,185.7,0.0,1040.6,734.3,28
588,186.2,124.1,0.0,185.7,0.0,1083.4,764.3,7
589,339.2,0.0,0.0,185.7,0.0,1069.2,754.3,28
590,238.1,0.0,0.0,185.7,0.0,1118.8,789.3,7
591,252.5,0.0,0.0,185.7,0.0,1111.6,784.3,28
592,382.5,0.0,0.0,185.7,0.0,1047.8,739.3,28
593,252.5,0.0,0.0,185.7,0.0,1111.6,784.3,7
594,316.1,210.7,0.0,185.7,0.0,977.0,689.3,7
595,186.2,124.1,0.0,185.7,0.0,1083.4,764.3,28
596,170.3,155.5,0.0,185.7,0.0,1026.6,724.3,7
597,272.8,181.9,0.0,185.7,0.0,1012.4,714.3,28
598,339.0,0.0,0.0,197.0,0.0,968.0,781.0,3
599,339.0,0.0,0.0,197.0,0.0,968.0,781.0,7
600,339.0,0.0,0.0,197.0,0.0,968.0,781.0,14
601,339.0,0.0,0.0,197.0,0.0,968.0,781.0,28
602,339.0,0.0,0.0,197.0,0.0,968.0,781.0,90
603,339.0,0.0,0.0,197.0,0.0,968.0,781.0,180
604,339.0,0.0,0.0,197.0,0.0,968.0,781.0,365
605,236.0,0.0,0.0,194.0,0.0,968.0,885.0,3
606,236.0,0.0,0.0,194.0,0.0,968.0,885.0,14
607,236.0,0.0,0.0,194.0,0.0,968.0,885.0,28
608,236.0,0.0,0.0,194.0,0.0,968.0,885.0,90
609,236.0,0.0,0.0,193.0,0.0,968.0,885.0,180
610,236.0,0.0,0.0,193.0,0.0,968.0,885.0,365
611,277.0,0.0,0.0,191.0,0.0,968.0,856.0,14
612,277.0,0.0,0.0,191.0,0.0,968.0,856.0,28
613,277.0,0.0,0.0,191.0,0.0,968.0,856.0,3
614,277.0,0.0,0.0,191.0,0.0,968.0,856.0,90
615,277.0,0.0,0.0,191.0,0.0,968.0,856.0,180
616,277.0,0.0,0.0,191.0,0.0,968.0,856.0,360
617,254.0,0.0,0.0,198.0,0.0,968.0,863.0,3
618,254.0,0.0,0.0,198.0,0.0,968.0,863.0,90
619,254.0,0.0,0.0,198.0,0.0,968.0,863.0,180
620,254.0,0.0,0.0,198.0,0.0,968.0,863.0,365
621,307.0,0.0,0.0,193.0,0.0,968.0,812.0,180
622,307.0,0.0,0.0,193.0,0.0,968.0,812.0,365
623,307.0,0.0,0.0,193.0,0.0,968.0,812.0,3
624,307.0,0.0,0.0,193.0,0.0,968.0,812.0,28
625,307.0,0.0,0.0,193.0,0.0,968.0,812.0,90
626,236.0,0.0,0.0,193.0,0.0,968.0,885.0,7
627,200.0,0.0,0.0,180.0,0.0,1125.0,845.0,7
628,200.0,0.0,0.0,180.0,0.0,1125.0,845.0,28
629,225.0,0.0,0.0,181.0,0.0,1113.0,833.0,7
630,225.0,0.0,0.0,181.0,0.0,1113.0,833.0,28
631,325.0,0.0,0.0,184.0,0.0,1063.0,783.0,7
632,325.0,0.0,0.0,184.0,0.0,1063.0,783.0,28
633,275.0,0.0,0.0,183.0,0.0,1088.0,808.0,7
634,275.0,0.0,0.0,183.0,0.0,1088.0,808.0,28
635,300.0,0.0,0.0,184.0,0.0,1075.0,795.0,7
636,300.0,0.0,0.0,184.0,0.0,1075.0,795.0,28
637,375.0,0.0,0.0,186.0,0.0,1038.0,758.0,7
638,375.0,0.0,0.0,186.0,0.0,1038.0,758.0,28
639,400.0,0.0,0.0,187.0,0.0,1025.0,745.0,28
640,400.0,0.0,0.0,187.0,0.0,1025.0,745.0,7
641,250.0,0.0,0.0,182.0,0.0,1100.0,820.0,7
642,250.0,0.0,0.0,182.0,0.0,1100.0,820.0,28
643,350.0,0.0,0.0,186.0,0.0,1050.0,770.0,7
644,350.0,0.0,0.0,186.0,0.0,1050.0,770.0,28
645,203.5,305.3,0.0,203.5,0.0,963.4,630.0,7
646,250.2,166.8,0.0,203.5,0.0,977.6,694.1,90
647,157.0,236.0,0.0,192.0,0.0,935.4,781.2,90
648,141.3,212.0,0.0,203.5,0.0,971.8,748.5,28
649,166.8,250.2,0.0,203.5,0.0,975.6,692.6,3
650,122.6,183.9,0.0,203.5,0.0,958.2,800.1,90
651,183.9,122.6,0.0,203.5,0.0,959.2,800.0,3
652,102.0,153.0,0.0,192.0,0.0,887.0,942.0,3
653,102.0,153.0,0.0,192.0,0.0,887.0,942.0,90
654,122.6,183.9,0.0,203.5,0.0,958.2,800.1,28
655,166.8,250.2,0.0,203.5,0.0,975.6,692.6,28
656,200.0,133.0,0.0,192.0,0.0,965.4,806.2,3
657,108.3,162.4,0.0,203.5,0.0,938.2,849.0,28
658,305.3,203.5,0.0,203.5,0.0,965.4,631.0,7
659,108.3,162.4,0.0,203.5,0.0,938.2,849.0,90
660,116.0,173.0,0.0,192.0,0.0,909.8,891.9,90
661,141.3,212.0,0.0,203.5,0.0,971.8,748.5,7
662,157.0,236.0,0.0,192.0,0.0,935.4,781.2,28
663,133.0,200.0,0.0,192.0,0.0,927.4,839.2,28
664,250.2,166.8,0.0,203.5,0.0,977.6,694.1,7
665,173.0,116.0,0.0,192.0,0.0,946.8,856.8,7
666,192.0,288.0,0.0,192.0,0.0,929.8,716.1,3
667,192.0,288.0,0.0,192.0,0.0,929.8,716.1,28
668,153.0,102.0,0.0,192.0,0.0,888.0,943.1,3
669,288.0,192.0,0.0,192.0,0.0,932.0,717.8,3
670,305.3,203.5,0.0,203.5,0.0,965.4,631.0,28
671,236.0,157.0,0.0,192.0,0.0,972.6,749.1,7
672,173.0,116.0,0.0,192.0,0.0,946.8,856.8,3
673,212.0,141.3,0.0,203.5,0.0,973.4,750.0,7
674,236.0,157.0,0.0,192.0,0.0,972.6,749.1,3
675,183.9,122.6,0.0,203.5,0.0,959.2,800.0,90
676,166.8,250.2,0.0,203.5,0.0,975.6,692.6,7
677,102.0,153.0,0.0,192.0,0.0,887.0,942.0,7
678,288.0,192.0,0.0,192.0,0.0,932.0,717.8,28
679,212.0,141.3,0.0,203.5,0.0,973.4,750.0,28
680,102.0,153.0,0.0,192.0,0.0,887.0,942.0,28
681,173.0,116.0,0.0,192.0,0.0,946.8,856.8,28
682,183.9,122.6,0.0,203.5,0.0,959.2,800.0,28
683,133.0,200.0,0.0,192.0,0.0,927.4,839.2,90
684,192.0,288.0,0.0,192.0,0.0,929.8,716.1,90
685,133.0,200.0,0.0,192.0,0.0,927.4,839.2,7
686,305.3,203.5,0.0,203.5,0.0,965.4,631.0,3
687,236.0,157.0,0.0,192.0,0.0,972.6,749.1,90
688,108.3,162.4,0.0,203.5,0.0,938.2,849.0,3
689,157.0,236.0,0.0,192.0,0.0,935.4,781.2,7
690,288.0,192.0,0.0,192.0,0.0,932.0,717.8,7
691,212.0,141.3,0.0,203.5,0.0,973.4,750.0,3
692,212.0,141.3,0.0,203.5,0.0,973.4,750.0,90
693,153.0,102.0,0.0,192.0,0.0,888.0,943.1,28
694,236.0,157.0,0.0,192.0,0.0,972.6,749.1,28
695,116.0,173.0,0.0,192.0,0.0,909.8,891.9,28
696,183.9,122.6,0.0,203.5,0.0,959.2,800.0,7
697,108.3,162.4,0.0,203.5,0.0,938.2,849.0,7
698,203.5,305.3,0.0,203.5,0.0,963.4,630.0,28
699,203.5,305.3,0.0,203.5,0.0,963.4,630.0,3
700,133.0,200.0,0.0,192.0,0.0,927.4,839.2,3
701,288.0,192.0,0.0,192.0,0.0,932.0,717.8,90
702,200.0,133.0,0.0,192.0,0.0,965.4,806.2,7
703,200.0,133.0,0.0,192.0,0.0,965.4,806.2,28
704,250.2,166.8,0.0,203.5,0.0,977.6,694.1,3
705,122.6,183.9,0.0,203.5,0.0,958.2,800.1,3
706,153.0,102.0,0.0,192.0,0.0,888.0,943.1,90
707,200.0,133.0,0.0,192.0,0.0,965.4,806.2,90
708,116.0,173.0,0.0,192.0,0.0,909.8,891.9,3
709,173.0,116.0,0.0,192.0,0.0,946.8,856.8,90
710,250.2,166.8,0.0,203.5,0.0,977.6,694.1,28
711,305.3,203.5,0.0,203.5,0.0,965.4,631.0,90
712,192.0,288.0,0.0,192.0,0.0,929.8,716.1,7
713,157.0,236.0,0.0,192.0,0.0,935.4,781.2,3
714,153.0,102.0,0.0,192.0,0.0,888.0,943.1,7
715,141.3,212.0,0.0,203.5,0.0,971.8,748.5,90
716,116.0,173.0,0.0,192.0,0.0,909.8,891.9,7
717,141.3,212.0,0.0,203.5,0.0,971.8,748.5,3
718,122.6,183.9,0.0,203.5,0.0,958.2,800.1,7
719,166.8,250.2,0.0,203.5,0.0,975.6,692.6,90
720,203.5,305.3,0.0,203.5,0.0,963.4,630.0,90
721,310.0,0.0,0.0,192.0,0.0,1012.0,830.0,3
722,310.0,0.0,0.0,192.0,0.0,1012.0,830.0,7
723,310.0,0.0,0.0,192.0,0.0,1012.0,830.0,28
724,310.0,0.0,0.0,192.0,0.0,1012.0,830.0,90
725,310.0,0.0,0.0,192.0,0.0,1012.0,830.0,120
726,331.0,0.0,0.0,192.0,0.0,1025.0,821.0,3
727,331.0,0.0,0.0,192.0,0.0,1025.0,821.0,7
728,331.0,0.0,0.0,192.0,0.0,1025.0,821.0,28
729,331.0,0.0,0.0,192.0,0.0,1025.0,821.0,90
730,331.0,0.0,0.0,192.0,0.0,1025.0,821.0,120
731,349.0,0.0,0.0,192.0,0.0,1056.0,809.0,3
732,349.0,0.0,0.0,192.0,0.0,1056.0,809.0,7
733,349.0,0.0,0.0,192.0,0.0,1056.0,809.0,28
734,349.0,0.0,0.0,192.0,0.0,1056.0,809.0,90
735,349.0,0.0,0.0,192.0,0.0,1056.0,809.0,120
736,238.0,0.0,0.0,186.0,0.0,1119.0,789.0,7
737,238.0,0.0,0.0,186.0,0.0,1119.0,789.0,28
738,296.0,0.0,0.0,186.0,0.0,1090.0,769.0,7
739,296.0,0.0,0.0,186.0,0.0,1090.0,769.0,28
740,297.0,0.0,0.0,186.0,0.0,1040.0,734.0,7
741,480.0,0.0,0.0,192.0,0.0,936.0,721.0,28
742,480.0,0.0,0.0,192.0,0.0,936.0,721.0,90
743,397.0,0.0,0.0,186.0,0.0,1040.0,734.0,28
744,281.0,0.0,0.0,186.0,0.0,1104.0,774.0,7
745,281.0,0.0,0.0,185.0,0.0,1104.0,774.0,28
746,500.0,0.0,0.0,200.0,0.0,1125.0,613.0,1
747,500.0,0.0,0.0,200.0,0.0,1125.0,613.0,3
748,500.0,0.0,0.0,200.0,0.0,1125.0,613.0,7
749,500.0,0.0,0.0,200.0,0.0,1125.0,613.0,14
750,500.0,0.0,0.0,200.0,0.0,1125.0,613.0,28
751,540.0,0.0,0.0,173.0,0.0,1125.0,613.0,7
752,540.0,0.0,0.0,173.0,0.0,1125.0,613.0,14
753,540.0,0.0,0.0,173.0,0.0,1125.0,613.0,28
754,540.0,0.0,0.0,173.0,0.0,1125.0,613.0,90
755,540.0,0.0,0.0,173.0,0.0,1125.0,613.0,180
756,540.0,0.0,0.0,173.0,0.0,1125.0,613.0,270
757,350.0,0.0,0.0,203.0,0.0,974.0,775.0,7
758,350.0,0.0,0.0,203.0,0.0,974.0,775.0,14
759,350.0,0.0,0.0,203.0,0.0,974.0,775.0,28
760,350.0,0.0,0.0,203.0,0.0,974.0,775.0,56
761,350.0,0.0,0.0,203.0,0.0,974.0,775.0,90
762,350.0,0.0,0.0,203.0,0.0,974.0,775.0,180
763,385.0,0.0,0.0,186.0,0.0,966.0,763.0,1
764,385.0,0.0,0.0,186.0,0.0,966.0,763.0,3
765,385.0,0.0,0.0,186.0,0.0,966.0,763.0,7
766,385.0,0.0,0.0,186.0,0.0,966.0,763.0,14
767,385.0,0.0,0.0,186.0,0.0,966.0,763.0,28
768,331.0,0.0,0.0,192.0,0.0,978.0,825.0,180
769,331.0,0.0,0.0,192.0,0.0,978.0,825.0,360
770,349.0,0.0,0.0,192.0,0.0,1047.0,806.0,3
771,331.0,0.0,0.0,192.0,0.0,978.0,825.0,3
772,382.0,0.0,0.0,186.0,0.0,1047.0,739.0,7
773,382.0,0.0,0.0,186.0,0.0,1047.0,739.0,28
774,382.0,0.0,0.0,186.0,0.0,1111.0,784.0,7
775,281.0,0.0,0.0,186.0,0.0,1104.0,774.0,28
776,339.0,0.0,0.0,185.0,0.0,1069.0,754.0,7
777,339.0,0.0,0.0,185.0,0.0,1069.0,754.0,28
778,295.0,0.0,0.0,185.0,0.0,1069.0,769.0,7
779,295.0,0.0,0.0,185.0,0.0,1069.0,769.0,28
780,238.0,0.0,0.0,185.0,0.0,1118.0,789.0,28
781,296.0,0.0,0.0,192.0,0.0,1085.0,765.0,7
782,296.0,0.0,0.0,192.0,0.0,1085.0,765.0,28
783,296.0,0.0,0.0,192.0,0.0,1085.0,765.0,90
784,331.0,0.0,0.0,192.0,0.0,879.0,825.0,3
785,331.0,0.0,0.0,192.0,0.0,978.0,825.0,7
786,331.0,0.0,0.0,192.0,0.0,978.0,825.0,28
787,331.0,0.0,0.0,192.0,0.0,978.0,825.0,90
788,349.0,0.0,0.0,192.0,0.0,1047.0,806.0,7
789,349.0,0.0,0.0,192.0,0.0,1047.0,806.0,28
790,349.0,0.0,0.0,192.0,0.0,1047.0,806.0,90
791,349.0,0.0,0.0,192.0,0.0,1047.0,806.0,180
792,349.0,0.0,0.0,192.0,0.0,1047.0,806.0,360
793,302.0,0.0,0.0,203.0,0.0,974.0,817.0,14
794,302.0,0.0,0.0,203.0,0.0,974.0,817.0,180
795,525.0,0.0,0.0,189.0,0.0,1125.0,613.0,180
796,500.0,0.0,0.0,200.0,0.0,1125.0,613.0,90
797,500.0,0.0,0.0,200.0,0.0,1125.0,613.0,180
798,500.0,0.0,0.0,200.0,0.0,1125.0,613.0,270
799,540.0,0.0,0.0,173.0,0.0,1125.0,613.0,3
800,252.0,0.0,0.0,185.0,0.0,1111.0,784.0,7
801,252.0,0.0,0.0,185.0,0.0,1111.0,784.0,28
802,339.0,0.0,0.0,185.0,0.0,1060.0,754.0,28
803,393.0,0.0,0.0,192.0,0.0,940.0,758.0,3
804,393.0,0.0,0.0,192.0,0.0,940.0,758.0,28
805,393.0,0.0,0.0,192.0,0.0,940.0,758.0,90
806,382.0,0.0,0.0,185.0,0.0,1047.0,739.0,7
807,382.0,0.0,0.0,185.0,0.0,1047.0,739.0,28
808,252.0,0.0,0.0,186.0,0.0,1111.0,784.0,7
809,252.0,0.0,0.0,185.0,0.0,1111.0,784.0,28
810,310.0,0.0,0.0,192.0,0.0,970.0,850.0,7
811,310.0,0.0,0.0,192.0,0.0,970.0,850.0,28
812,310.0,0.0,0.0,192.0,0.0,970.0,850.0,90
813,310.0,0.0,0.0,192.0,0.0,970.0,850.0,180
814,310.0,0.0,0.0,192.0,0.0,970.0,850.0,360
815,525.0,0.0,0.0,189.0,0.0,1125.0,613.0,3
816,525.0,0.0,0.0,189.0,0.0,1125.0,613.0,7
817,525.0,0.0,0.0,189.0,0.0,1125.0,613.0,14
818,525.0,0.0,0.0,189.0,0.0,1125.0,613.0,28
819,525.0,0.0,0.0,189.0,0.0,1125.0,613.0,90
820,525.0,0.0,0.0,189.0,0.0,1125.0,613.0,270
821,322.0,0.0,0.0,203.0,0.0,974.0,800.0,14
822,322.0,0.0,0.0,203.0,0.0,974.0,800.0,28
823,322.0,0.0,0.0,203.0,0.0,974.0,800.0,180
824,302.0,0.0,0.0,203.0,0.0,974.0,817.0,28
825,397.0,0.0,0.0,185.0,0.0,1040.0,734.0,28
826,480.0,0.0,0.0,192.0,0.0,936.0,721.0,3
827,522.0,0.0,0.0,146.0,0.0,896.0,896.0,7
828,522.0,0.0,0.0,146.0,0.0,896.0,896.0,28
829,273.0,105.0,82.0,210.0,9.0,904.0,680.0,28
830,162.0,190.0,148.0,179.0,19.0,838.0,741.0,28
831,154.0,144.0,112.0,220.0,10.0,923.0,658.0,28
832,147.0,115.0,89.0,202.0,9.0,860.0,829.0,28
833,152.0,178.0,139.0,168.0,18.0,944.0,695.0,28
834,310.0,143.0,111.0,168.0,22.0,914.0,651.0,28
835,144.0,0.0,175.0,158.0,18.0,943.0,844.0,28
836,304.0,140.0,0.0,214.0,6.0,895.0,722.0,28
837,374.0,0.0,0.0,190.0,7.0,1013.0,730.0,28
838,159.0,149.0,116.0,175.0,15.0,953.0,720.0,28
839,153.0,239.0,0.0,200.0,6.0,1002.0,684.0,28
840,310.0,143.0,0.0,168.0,10.0,914.0,804.0,28
841,305.0,0.0,100.0,196.0,10.0,959.0,705.0,28
842,151.0,0.0,184.0,167.0,12.0,991.0,772.0,28
843,142.0,167.0,130.0,174.0,11.0,883.0,785.0,28
844,298.0,137.0,107.0,201.0,6.0,878.0,655.0,28
845,321.0,164.0,0.0,190.0,5.0,870.0,774.0,28
846,366.0,187.0,0.0,191.0,7.0,824.0,757.0,28
847,280.0,129.0,100.0,172.0,9.0,825.0,805.0,28
848,252.0,97.0,76.0,194.0,8.0,835.0,821.0,28
849,165.0,0.0,150.0,182.0,12.0,1023.0,729.0,28
850,156.0,243.0,0.0,180.0,11.0,1022.0,698.0,28
851,160.0,188.0,146.0,203.0,11.0,829.0,710.0,28
852,298.0,0.0,107.0,186.0,6.0,879.0,815.0,28
853,318.0,0.0,126.0,210.0,6.0,861.0,737.0,28
854,287.0,121.0,94.0,188.0,9.0,904.0,696.0,28
855,326.0,166.0,0.0,174.0,9.0,882.0,790.0,28
856,356.0,0.0,142.0,193.0,11.0,801.0,778.0,28
857,132.0,207.0,161.0,179.0,5.0,867.0,736.0,28
858,322.0,149.0,0.0,186.0,8.0,951.0,709.0,28
859,164.0,0.0,200.0,181.0,13.0,849.0,846.0,28
860,314.0,0.0,113.0,170.0,10.0,925.0,783.0,28
861,321.0,0.0,128.0,182.0,11.0,870.0,780.0,28
862,140.0,164.0,128.0,237.0,6.0,869.0,656.0,28
863,288.0,121.0,0.0,177.0,7.0,908.0,829.0,28
864,298.0,0.0,107.0,210.0,11.0,880.0,744.0,28
865,265.0,111.0,86.0,195.0,6.0,833.0,790.0,28
866,160.0,250.0,0.0,168.0,12.0,1049.0,688.0,28
867,166.0,260.0,0.0,183.0,13.0,859.0,827.0,28
868,276.0,116.0,90.0,180.0,9.0,870.0,768.0,28
869,322.0,0.0,116.0,196.0,10.0,818.0,813.0,28
870,149.0,139.0,109.0,193.0,6.0,892.0,780.0,28
871,159.0,187.0,0.0,176.0,11.0,990.0,789.0,28
872,261.0,100.0,78.0,201.0,9.0,864.0,761.0,28
873,237.0,92.0,71.0,247.0,6.0,853.0,695.0,28
874,313.0,0.0,113.0,178.0,8.0,1002.0,689.0,28
875,155.0,183.0,0.0,193.0,9.0,1047.0,697.0,28
876,146.0,230.0,0.0,202.0,3.0,827.0,872.0,28
877,296.0,0.0,107.0,221.0,11.0,819.0,778.0,28
878,133.0,210.0,0.0,196.0,3.0,949.0,795.0,28
879,313.0,145.0,0.0,178.0,8.0,867.0,824.0,28
880,152.0,0.0,112.0,184.0,8.0,992.0,816.0,28
881,153.0,145.0,113.0,178.0,8.0,1002.0,689.0,28
882,140.0,133.0,103.0,200.0,7.0,916.0,753.0,28
883,149.0,236.0,0.0,176.0,13.0,847.0,893.0,28
884,300.0,0.0,120.0,212.0,10.0,878.0,728.0,28
885,153.0,145.0,113.0,178.0,8.0,867.0,824.0,28
886,148.0,0.0,137.0,158.0,16.0,1002.0,830.0,28
887,326.0,0.0,138.0,199.0,11.0,801.0,792.0,28
888,153.0,145.0,0.0,178.0,8.0,1000.0,822.0,28
889,262.0,111.0,86.0,195.0,5.0,895.0,733.0,28
890,158.0,0.0,195.0,220.0,11.0,898.0,713.0,28
891,151.0,0.0,185.0,167.0,16.0,1074.0,678.0,28
892,273.0,0.0,90.0,199.0,11.0,931.0,762.0,28
893,149.0,118.0,92.0,183.0,7.0,953.0,780.0,28
894,143.0,169.0,143.0,191.0,8.0,967.0,643.0,28
895,260.0,101.0,78.0,171.0,10.0,936.0,763.0,28
896,313.0,161.0,0.0,178.0,10.0,917.0,759.0,28
897,284.0,120.0,0.0,168.0,7.0,970.0,794.0,28
898,336.0,0.0,0.0,182.0,3.0,986.0,817.0,28
899,145.0,0.0,134.0,181.0,11.0,979.0,812.0,28
900,150.0,237.0,0.0,174.0,12.0,1069.0,675.0,28
901,144.0,170.0,133.0,192.0,8.0,814.0,805.0,28
902,331.0,170.0,0.0,195.0,8.0,811.0,802.0,28
903,155.0,0.0,143.0,193.0,9.0,1047.0,697.0,28
904,155.0,183.0,0.0,193.0,9.0,877.0,868.0,28
905,135.0,0.0,166.0,180.0,10.0,961.0,805.0,28
906,266.0,112.0,87.0,178.0,10.0,910.0,745.0,28
907,314.0,145.0,113.0,179.0,8.0,869.0,690.0,28
908,313.0,145.0,0.0,127.0,8.0,1000.0,822.0,28
909,146.0,173.0,0.0,182.0,3.0,986.0,817.0,28
910,144.0,136.0,106.0,178.0,7.0,941.0,774.0,28
911,148.0,0.0,182.0,181.0,15.0,839.0,884.0,28
912,277.0,117.0,91.0,191.0,7.0,946.0,666.0,28
913,298.0,0.0,107.0,164.0,13.0,953.0,784.0,28
914,313.0,145.0,0.0,178.0,8.0,1002.0,689.0,28
915,155.0,184.0,143.0,194.0,9.0,880.0,699.0,28
916,289.0,134.0,0.0,195.0,6.0,924.0,760.0,28
917,148.0,175.0,0.0,171.0,2.0,1000.0,828.0,28
918,145.0,0.0,179.0,202.0,8.0,824.0,869.0,28
919,313.0,0.0,0.0,178.0,8.0,1000.0,822.0,28
920,136.0,162.0,126.0,172.0,10.0,923.0,764.0,28
921,155.0,0.0,143.0,193.0,9.0,877.0,868.0,28
922,255.0,99.0,77.0,189.0,6.0,919.0,749.0,28
923,162.0,207.0,172.0,216.0,10.0,822.0,638.0,28
924,136.0,196.0,98.0,199.0,6.0,847.0,783.0,28
925,164.0,163.0,128.0,197.0,8.0,961.0,641.0,28
926,162.0,214.0,164.0,202.0,10.0,820.0,680.0,28
927,157.0,214.0,152.0,200.0,9.0,819.0,704.0,28
928,149.0,153.0,194.0,192.0,8.0,935.0,623.0,28
929,135.0,105.0,193.0,196.0,6.0,965.0,643.0,28
930,159.0,209.0,161.0,201.0,7.0,848.0,669.0,28
931,144.0,15.0,195.0,176.0,6.0,1021.0,709.0,28
932,154.0,174.0,185.0,228.0,7.0,845.0,612.0,28
933,167.0,187.0,195.0,185.0,7.0,898.0,636.0,28
934,184.0,86.0,190.0,213.0,6.0,923.0,623.0,28
935,156.0,178.0,187.0,221.0,7.0,854.0,614.0,28
936,236.9,91.7,71.5,246.9,6.0,852.9,695.4,28
937,313.3,0.0,113.0,178.5,8.0,1001.9,688.7,28
938,154.8,183.4,0.0,193.3,9.1,1047.4,696.7,28
939,145.9,230.5,0.0,202.5,3.4,827.0,871.8,28
940,296.0,0.0,106.7,221.4,10.5,819.2,778.4,28
941,133.1,210.2,0.0,195.7,3.1,949.4,795.3,28
942,313.3,145.0,0.0,178.5,8.0,867.2,824.0,28
943,151.6,0.0,111.9,184.4,7.9,992.0,815.9,28
944,153.1,145.0,113.0,178.5,8.0,1001.9,688.7,28
945,139.9,132.6,103.3,200.3,7.4,916.0,753.4,28
946,149.5,236.0,0.0,175.8,12.6,846.8,892.7,28
947,299.8,0.0,119.8,211.5,9.9,878.2,727.6,28
948,153.1,145.0,113.0,178.5,8.0,867.2,824.0,28
949,148.1,0.0,136.6,158.1,16.1,1001.8,830.1,28
950,326.5,0.0,137.9,199.0,10.8,801.1,792.5,28
951,152.7,144.7,0.0,178.1,8.0,999.7,822.2,28
952,261.9,110.5,86.1,195.4,5.0,895.2,732.6,28
953,158.4,0.0,194.9,219.7,11.0,897.7,712.9,28
954,150.7,0.0,185.3,166.7,15.6,1074.5,678.0,28
955,272.6,0.0,89.6,198.7,10.6,931.3,762.2,28
956,149.0,117.6,91.7,182.9,7.1,953.4,780.3,28
957,143.0,169.4,142.7,190.7,8.4,967.4,643.5,28
958,259.9,100.6,78.4,170.6,10.4,935.7,762.9,28
959,312.9,160.5,0.0,177.6,9.6,916.6,759.5,28
960,284.0,119.7,0.0,168.3,7.2,970.4,794.2,28
961,336.5,0.0,0.0,181.9,3.4,985.8,816.8,28
962,144.8,0.0,133.6,180.8,11.1,979.5,811.5,28
963,150.0,236.8,0.0,173.8,11.9,1069.3,674.8,28
964,143.7,170.2,132.6,191.6,8.5,814.1,805.3,28
965,330.5,169.6,0.0,194.9,8.1,811.0,802.3,28
966,154.8,0.0,142.8,193.3,9.1,1047.4,696.7,28
967,154.8,183.4,0.0,193.3,9.1,877.2,867.7,28
968,134.7,0.0,165.7,180.2,10.0,961.0,804.9,28
969,266.2,112.3,87.5,177.9,10.4,909.7,744.5,28
970,314.0,145.3,113.2,178.9,8.0,869.1,690.2,28
971,312.7,144.7,0.0,127.3,8.0,999.7,822.2,28
972,145.7,172.6,0.0,181.9,3.4,985.8,816.8,28
973,143.8,136.3,106.2,178.1,7.5,941.5,774.3,28
974,148.1,0.0,182.1,181.4,15.0,838.9,884.3,28
975,277.0,116.8,91.0,190.6,7.0,946.5,665.6,28
976,298.1,0.0,107.5,163.6,12.8,953.2,784.0,28
977,313.3,145.0,0.0,178.5,8.0,1001.9,688.7,28
978,155.2,183.9,143.2,193.8,9.2,879.6,698.5,28
979,289.0,133.7,0.0,194.9,5.5,924.1,760.1,28
980,147.8,175.1,0.0,171.2,2.2,1000.0,828.5,28
981,145.4,0.0,178.9,201.7,7.8,824.0,868.7,28
982,312.7,0.0,0.0,178.1,8.0,999.7,822.2,28
983,136.4,161.6,125.8,171.6,10.4,922.6,764.4,28
984,154.8,0.0,142.8,193.3,9.1,877.2,867.7,28
985,255.3,98.8,77.0,188.6,6.5,919.0,749.3,28
986,272.8,105.1,81.8,209.7,9.0,904.0,679.7,28
987,162.0,190.1,148.1,178.8,18.8,838.1,741.4,28
988,153.6,144.2,112.3,220.1,10.1,923.2,657.9,28
989,146.5,114.6,89.3,201.9,8.8,860.0,829.5,28
990,151.8,178.1,138.7,167.5,18.3,944.0,694.6,28
991,309.9,142.8,111.2,167.8,22.1,913.9,651.2,28
992,143.6,0.0,174.9,158.4,17.9,942.7,844.5,28
993,303.6,139.9,0.0,213.5,6.2,895.5,722.5,28
994,374.3,0.0,0.0,190.2,6.7,1013.2,730.4,28
995,158.6,148.9,116.0,175.1,15.0,953.3,719.7,28
996,152.6,238.7,0.0,200.0,6.3,1001.8,683.9,28
997,310.0,142.8,0.0,167.9,10.0,914.3,804.0,28
998,304.8,0.0,99.6,196.0,9.8,959.4,705.2,28
999,150.9,0.0,183.9,166.6,11.6,991.2,772.2,28
1000,141.9,166.6,129.7,173.5,10.9,882.6,785.3,28
1001,297.8,137.2,106.9,201.3,6.0,878.4,655.3,28
1002,321.3,164.2,0.0,190.5,4.6,870.0,774.0,28
1003,366.0,187.0,0.0,191.3,6.6,824.3,756.9,28
1004,279.8,128.9,100.4,172.4,9.5,825.1,804.9,28
1005,252.1,97.1,75.6,193.8,8.3,835.5,821.4,28
1006,164.6,0.0,150.4,181.6,11.7,1023.3,728.9,28
1007,155.6,243.5,0.0,180.3,10.7,1022.0,697.7,28
1008,160.2,188.0,146.4,203.2,11.3,828.7,709.7,28
1009,298.1,0.0,107.0,186.4,6.1,879.0,815.2,28
1010,317.9,0.0,126.5,209.7,5.7,860.5,736.6,28
1011,287.3,120.5,93.9,187.6,9.2,904.4,695.9,28
1012,325.6,166.4,0.0,174.0,8.9,881.6,790.0,28
1013,355.9,0.0,141.6,193.3,11.0,801.4,778.4,28
1014,132.0,206.5,160.9,178.9,5.5,866.9,735.6,28
1015,322.5,148.6,0.0,185.8,8.5,951.0,709.5,28
1016,164.2,0.0,200.1,181.2,12.6,849.3,846.0,28
1017,313.8,0.0,112.6,169.9,10.1,925.3,782.9,28
1018,321.4,0.0,127.9,182.5,11.5,870.1,779.7,28
1019,139.7,163.9,127.7,236.7,5.8,868.6,655.6,28
1020,288.4,121.0,0.0,177.4,7.0,907.9,829.5,28
1021,298.2,0.0,107.0,209.7,11.1,879.6,744.2,28
1022,264.5,111.0,86.5,195.5,5.9,832.6,790.4,28
1023,159.8,250.0,0.0,168.4,12.2,1049.3,688.2,28
1024,166.0,259.7,0.0,183.2,12.7,858.8,826.8,28
1025,276.4,116.0,90.3,179.6,8.9,870.1,768.3,28
1026,322.2,0.0,115.6,196.0,10.4,817.9,813.4,28
1027,148.5,139.4,108.6,192.7,6.1,892.4,780.0,28
1028,159.1,186.7,0.0,175.6,11.3,989.6,788.9,28
1029,260.9,100.5,78.3,200.6,8.6,864.5,761.5,28
